symbol,entry_time,exit_time,entry_price,exit_price,qty,pnl,pnl_pct,hold_hours,same_day_round_trip,entry_extended_hours,exit_extended_hours,source
COIN,2026-09-21 13:51:27.703737+00:00,2026-09-22 13:30:16.539452+00:00,206.4,199.33,71.0,-501.9699999999995,-0.034253875968992216,23.64689880972222,False,True,False,live
COIN,2026-09-21 13:51:28.516008+00:00,2026-09-22 13:30:16.539452+00:00,206.4,199.33,8.0,-56.559999999999945,-0.034253875968992216,23.64667317888889,False,True,False,live
MARA,2026-09-21 13:45:25.147623+00:00,2026-09-22 13:31:06.408216+00:00,13.68,13.11,843.0,-480.5100000000002,-0.041666666666666685,23.761461275833334,False,True,False,live
MARA,2026-09-21 13:45:26.009110+00:00,2026-09-22 13:31:06.408216+00:00,13.68,13.11,161.0,-91.77000000000004,-0.041666666666666685,23.761221973888887,False,True,False,live
COIN,2026-09-21 13:51:28.516008+00:00,2026-09-22 13:31:47.449615+00:00,206.4,201.36,18.0,-90.71999999999986,-0.024418604651162752,23.671926001944446,False,True,False,live
MARA,2026-09-21 13:45:26.009110+00:00,2026-09-22 13:32:06.804627+00:00,13.68,13.11,286.0,-163.0200000000001,-0.041666666666666685,23.777998754722223,False,True,False,live
MARA,2026-09-21 13:45:27.423673+00:00,2026-09-22 13:32:06.804627+00:00,13.69,13.11,43.0,-24.940000000000005,-0.04236669101533967,23.777605820555554,False,True,False,live
MARA,2026-09-21 13:45:28.554612+00:00,2026-09-22 13:32:50.520158+00:00,13.69,13.24,17.0,-7.649999999999988,-0.03287070854638417,23.78943487388889,False,True,False,live
MARA,2026-09-21 13:45:27.423673+00:00,2026-09-22 13:32:50.520158+00:00,13.69,13.24,50.0,-22.499999999999964,-0.03287070854638417,23.78974902361111,False,True,False,live
MARA,2026-09-21 13:45:28.554612+00:00,2026-09-22 13:33:23.437955+00:00,13.69,13.2,22.0,-10.780000000000005,-0.035792549306062835,23.798578706388888,False,True,False,live
MARA,2026-09-21 13:45:28.554612+00:00,2026-09-22 13:33:52.438754+00:00,13.69,13.21,23.0,-11.039999999999969,-0.03506208911614307,23.80663448388889,False,True,False,live
SOFI,2026-09-22 12:51:05.100444+00:00,2026-09-22 14:25:19.405225+00:00,17.95,17.04,342.0,-311.22,-0.05069637883008358,1.5706402169444444,True,True,False,live
SOFI,2026-09-22 12:51:05.671971+00:00,2026-09-22 14:25:19.405225+00:00,17.94,17.04,64.0,-57.600000000000136,-0.05016722408026767,1.5704814594444443,True,True,False,live
SOFI,2026-09-22 12:51:06.823260+00:00,2026-09-22 14:25:20.152835+00:00,17.94,17.04,7.0,-6.300000000000015,-0.05016722408026767,1.5703693263888887,True,True,False,live
SOFI,2026-09-22 12:51:05.671971+00:00,2026-09-22 14:25:20.152835+00:00,17.94,17.04,7.0,-6.300000000000015,-0.05016722408026767,1.570689128888889,True,True,False,live
SOFI,2026-09-22 12:51:05.882330+00:00,2026-09-22 14:25:20.152835+00:00,17.94,17.04,6.0,-5.400000000000013,-0.05016722408026767,1.5706306958333334,True,True,False,live
SOFI,2026-09-22 12:51:06.317343+00:00,2026-09-22 14:25:20.152835+00:00,17.94,17.04,125.0,-112.50000000000027,-0.05016722408026767,1.5705098588888888,True,True,False,live
BULL,2026-09-22 14:28:26.979071+00:00,2026-09-23 14:06:59.510187+00:00,8.33,7.88,12.0,-5.400000000000002,-0.054021608643457404,23.642369754444445,False,True,False,live
BULL,2026-09-22 14:28:26.979071+00:00,2026-09-23 14:06:59.973695+00:00,8.33,7.88,1.0,-0.4500000000000002,-0.054021608643457404,23.642498506666666,False,True,False,live
BULL,2026-09-22 14:28:26.979071+00:00,2026-09-23 14:07:00.525632+00:00,8.33,7.88,1.0,-0.4500000000000002,-0.054021608643457404,23.6426518225,False,True,False,live
SPCE,2026-09-21 14:37:03.199995+00:00,2026-09-23 14:22:18.774249+00:00,3.14,3.2,1.0,0.06000000000000005,0.019108280254777087,47.75432618166667,False,True,False,live
RXRX,2026-09-22 14:00:47.683575+00:00,2026-09-23 16:39:33.080907+00:00,3.98,3.78,1.0,-0.20000000000000018,-0.05025125628140708,26.64594370333333,False,True,False,live
RXRX,2026-09-22 14:00:48.652830+00:00,2026-09-23 16:39:33.080907+00:00,3.98,3.78,1.0,-0.20000000000000018,-0.05025125628140708,26.645674465833334,False,True,False,live
RKLB,2026-09-21 13:51:11.775164+00:00,2026-09-23 17:03:52.638755+00:00,68.96,70.77,183.0,331.2300000000004,0.026247099767981473,51.2113509975,False,True,False,live
RKLB,2026-09-21 13:51:11.775164+00:00,2026-09-23 17:03:53.390214+00:00,68.96,70.76,14.0,25.20000000000016,0.026102088167053533,51.211559736111106,False,True,False,live
RKLB,2026-09-21 13:51:11.775164+00:00,2026-09-23 17:03:54.090392+00:00,68.96,70.75,52.0,93.08000000000033,0.025957076566125382,51.21175423,False,True,False,live
RKLB,2026-09-21 13:51:11.775164+00:00,2026-09-23 17:03:55.036429+00:00,68.96,70.75,20.0,35.800000000000125,0.025957076566125382,51.212017018055555,False,True,False,live
RKLB,2026-09-21 13:51:12.419060+00:00,2026-09-23 17:03:55.547611+00:00,68.96,70.75,6.0,10.740000000000038,0.025957076566125382,51.211980153055556,False,True,False,live
RKLB,2026-09-21 13:51:11.775164+00:00,2026-09-23 17:03:55.547611+00:00,68.96,70.75,11.0,19.69000000000007,0.025957076566125382,51.212159013055555,False,True,False,live
RKLB,2026-09-21 13:51:12.419060+00:00,2026-09-23 17:03:56.407035+00:00,68.96,70.75,1.0,1.7900000000000063,0.025957076566125382,51.212218881944445,False,True,False,live
RKLB,2026-09-21 13:51:12.419060+00:00,2026-09-23 17:03:57.142011+00:00,68.96,70.75,2.0,3.5800000000000125,0.025957076566125382,51.21242304194445,False,True,False,live
RKLB,2026-09-21 13:51:12.419060+00:00,2026-09-23 17:03:57.600133+00:00,68.96,70.75,1.0,1.7900000000000063,0.025957076566125382,51.21255029805556,False,True,False,live
ONDS,2026-09-23 14:09:09.555809+00:00,2026-09-24 13:30:26.806062+00:00,7.75,7.24,1.0,-0.5099999999999998,-0.0658064516129032,23.354791736944446,False,True,False,live
CIFR,2026-09-23 13:48:59.149801+00:00,2026-09-24 13:30:32.427971+00:00,19.16,17.85,1.0,-1.3099999999999987,-0.06837160751565756,23.692577269444445,False,True,False,live
CIFR,2026-09-23 13:48:59.659918+00:00,2026-09-24 13:30:32.427971+00:00,19.16,17.85,1.0,-1.3099999999999987,-0.06837160751565756,23.69243557027778,False,True,False,live
MSTR,2026-09-21 13:45:24.539556+00:00,2026-09-24 13:30:49.493853+00:00,166.15,161.98,32.0,-133.4400000000005,-0.02509780318988875,71.75693174916667,False,True,False,live
MSTR,2026-09-21 13:45:23.585503+00:00,2026-09-24 13:30:49.493853+00:00,166.04,161.98,66.0,-267.96000000000015,-0.024451939291736946,71.7571967638889,False,True,False,live
HUT,2026-09-22 19:28:57.441015+00:00,2026-09-24 13:30:54.401750+00:00,105.73,98.72,66.0,-462.6600000000003,-0.06630095526340683,42.03248909305555,False,True,False,live
ONDS,2026-09-23 14:09:09.555809+00:00,2026-09-24 13:32:14.930580+00:00,7.75,7.32,1.0,-0.4299999999999997,-0.0554838709677419,23.38482632527778,False,True,False,live
CIFR,2026-09-23 13:48:59.659918+00:00,2026-09-24 13:32:17.223343+00:00,19.16,18.09,1.0,-1.0700000000000003,-0.05584551148225471,23.721545395833335,False,True,False,live
MSTR,2026-09-21 13:45:24.539556+00:00,2026-09-24 13:32:24.220638+00:00,166.15,163.89,4.0,-9.040000000000077,-0.013602166716822265,71.783244745,False,True,False,live
MSTR,2026-09-21 13:45:26.384927+00:00,2026-09-24 13:32:24.220638+00:00,166.13,163.89,12.0,-26.88000000000011,-0.013483416601456745,71.78273214194444,False,True,False,live
HUT,2026-09-22 19:28:57.441015+00:00,2026-09-24 13:32:26.239541+00:00,105.73,100.5,41.0,-214.43000000000018,-0.049465619975409096,42.05799959055555,False,True,False,live
MSTR,2026-09-21 13:45:26.384927+00:00,2026-09-24 13:33:04.152244+00:00,166.13,164.11,5.0,-10.099999999999909,-0.01215915247095637,71.79382425472222,False,True,False,live
HUT,2026-09-22 19:28:57.441015+00:00,2026-09-24 13:33:05.438172+00:00,105.73,101.55,58.0,-242.4400000000004,-0.03953466376619698,42.06888809916667,False,True,False,live
HUT,2026-09-22 19:28:57.441015+00:00,2026-09-24 13:33:14.083916+00:00,105.73,101.55,13.0,-54.34000000000009,-0.03953466376619698,42.071289694722225,False,True,False,live
HUT,2026-09-22 19:28:57.441015+00:00,2026-09-24 13:33:41.274825+00:00,105.73,101.5,4.0,-16.920000000000016,-0.040007566442826104,42.078842725,False,True,False,live
HUT,2026-09-22 19:28:57.441015+00:00,2026-09-24 13:33:42.568347+00:00,105.73,101.44,2.0,-8.580000000000013,-0.040575049654781106,42.079202036666665,False,True,False,live
HUT,2026-09-22 19:28:57.441015+00:00,2026-09-24 13:33:52.131066+00:00,105.73,101.44,1.0,-4.290000000000006,-0.040575049654781106,42.0818583475,False,True,False,live
HUT,2026-09-22 19:28:57.441015+00:00,2026-09-24 13:33:54.121234+00:00,105.73,101.3,1.0,-4.430000000000007,-0.04189917714934273,42.08241117194444,False,True,False,live
HUT,2026-09-22 19:28:57.441015+00:00,2026-09-24 13:33:57.289273+00:00,105.73,101.3,1.0,-4.430000000000007,-0.04189917714934273,42.08329118277778,False,True,False,live
SMCI,2026-09-23 14:10:03.302717+00:00,2026-09-24 14:53:02.669034+00:00,42.09,39.93,1.0,-2.1600000000000037,-0.05131860299358526,24.716490643611113,False,True,False,live
SMCI,2026-09-23 14:10:04.464622+00:00,2026-09-24 14:53:03.731473+00:00,42.11,39.93,1.0,-2.1799999999999997,-0.051769175967703626,24.716463014166663,False,True,False,live
ARM,2026-09-24 13:51:52.646159+00:00,2026-09-24 15:20:30.657868+00:00,325.0,308.43,1.0,-16.569999999999993,-0.050984615384615364,1.4772254747222222,True,True,False,live
ARM,2026-09-24 13:51:52.646159+00:00,2026-09-24 15:20:31.453778+00:00,325.0,308.43,1.0,-16.569999999999993,-0.050984615384615364,1.4774465608333334,True,True,False,live
ARM,2026-09-24 13:51:52.646159+00:00,2026-09-24 15:20:32.082746+00:00,325.0,308.43,1.0,-16.569999999999993,-0.050984615384615364,1.4776212741666668,True,True,False,live
RIOT,2026-09-23 14:16:14.059101+00:00,2026-09-25 13:31:02.828599+00:00,24.9,23.45,1.0,-1.4499999999999993,-0.058232931726907605,47.24688041611111,False,True,False,live
MARA,2026-09-24 13:57:58.802361+00:00,2026-09-25 13:48:48.022609+00:00,13.19,12.5,1.0,-0.6899999999999995,-0.05231235784685364,23.847005624444442,False,True,False,live
MARA,2026-09-24 13:57:59.335075+00:00,2026-09-25 13:48:49.585178+00:00,13.19,12.5,1.0,-0.6899999999999995,-0.05231235784685364,23.84729169527778,False,True,False,live
CLSK,2026-09-24 13:51:53.478041+00:00,2026-09-25 14:04:05.628124+00:00,14.37,13.62,3.0,-2.25,-0.05219206680584552,24.203375023055557,False,True,False,live
HOOD,2026-09-22 13:51:39.562970+00:00,2026-09-25 14:07:10.999831+00:00,124.83,118.38,90.0,-580.5000000000002,-0.05167027156933432,72.25873246138889,False,True,False,live
HUT,2026-09-24 13:52:51.112218+00:00,2026-09-25 14:07:11.318110+00:00,101.53,95.76,27.0,-155.7899999999999,-0.05683049345021172,24.23894608111111,False,True,False,live
HUT,2026-09-24 13:52:53.461790+00:00,2026-09-25 14:07:11.832776+00:00,101.53,95.5,5.0,-30.150000000000006,-0.05939131291243968,24.238436385,False,True,False,live
HUT,2026-09-24 13:52:52.958206+00:00,2026-09-25 14:07:11.832776+00:00,101.53,95.5,3.0,-18.090000000000003,-0.05939131291243968,24.238576269444444,False,True,False,live
HUT,2026-09-24 13:52:54.782908+00:00,2026-09-25 14:07:11.832776+00:00,101.53,95.5,1.0,-6.030000000000001,-0.05939131291243968,24.23806940777778,False,True,False,live
HUT,2026-09-24 13:52:51.324829+00:00,2026-09-25 14:07:11.832776+00:00,101.53,95.5,71.0,-428.1300000000001,-0.05939131291243968,24.239029985277778,False,True,False,live
HUT,2026-09-24 13:52:51.112218+00:00,2026-09-25 14:07:11.832776+00:00,101.53,95.5,54.0,-325.62000000000006,-0.05939131291243968,24.23908904388889,False,True,False,live
HUT,2026-09-24 13:52:52.333354+00:00,2026-09-25 14:07:11.832776+00:00,101.53,95.5,28.0,-168.84000000000003,-0.05939131291243968,24.23874983944444,False,True,False,live
HOOD,2026-09-22 13:51:39.562970+00:00,2026-09-25 14:07:12.109592+00:00,124.83,118.35,6.0,-38.880000000000024,-0.05191059841384286,72.25904072833333,False,True,False,live
HOOD,2026-09-22 13:51:40.119490+00:00,2026-09-25 14:07:12.109592+00:00,124.83,118.35,3.0,-19.440000000000012,-0.05191059841384286,72.25888613944444,False,True,False,live
HOOD,2026-09-22 13:51:40.119490+00:00,2026-09-25 14:07:12.757892+00:00,124.83,118.35,33.0,-213.84000000000015,-0.05191059841384286,72.25906622277778,False,True,False,live
HOOD,2026-09-22 13:51:40.902637+00:00,2026-09-25 14:07:12.757892+00:00,124.83,118.35,1.0,-6.480000000000004,-0.05191059841384286,72.25884868194444,False,True,False,live
HOOD,2026-09-22 13:51:40.902637+00:00,2026-09-25 14:07:13.654484+00:00,124.83,118.27,14.0,-91.84000000000003,-0.05255146999919893,72.25909773527778,False,True,False,live
HOOD,2026-09-22 13:51:41.343449+00:00,2026-09-25 14:07:13.654484+00:00,124.83,118.27,1.0,-6.560000000000002,-0.05255146999919893,72.2589752875,False,True,False,live
HOOD,2026-09-22 13:51:42.314787+00:00,2026-09-25 14:07:13.654484+00:00,124.83,118.27,10.0,-65.60000000000002,-0.05255146999919893,72.25870547138888,False,True,False,live
WULF,2026-09-24 15:02:13.897229+00:00,2026-09-25 15:51:53.224398+00:00,16.22,15.37,4.0,-3.3999999999999986,-0.052404438964241656,24.82759088027778,False,True,False,live
WULF,2026-09-24 15:02:13.897229+00:00,2026-09-25 15:51:53.668258+00:00,16.22,15.37,1.0,-0.8499999999999996,-0.052404438964241656,24.82771417472222,False,True,False,live
