id,activity_type,transaction_time,type,price,qty,side,symbol,leaves_qty,order_id,cum_qty,order_status
20260921094523585::caedc53e-12f3-4b2d-8fa0-d61184a76bec,FILL,2026-09-21 13:45:23.585503+00:00,partial_fill,166.04,66,buy,MSTR,53,47df451e-1375-40a6-aa9d-5f6db8d33ce5,66,partially_filled
20260921094524539::61806197-cecc-4af3-809d-e90e6ed00269,FILL,2026-09-21 13:45:24.539556+00:00,partial_fill,166.15,36,buy,MSTR,17,47df451e-1375-40a6-aa9d-5f6db8d33ce5,102,partially_filled
20260921094525147::79119119-f747-4ac3-9688-c2b557b97f7b,FILL,2026-09-21 13:45:25.147623+00:00,partial_fill,13.68,843,buy,MARA,602,bd4db9ee-06d6-4a6b-8fa7-ffa8d4459139,843,partially_filled
20260921094526009::d7fcb1ad-d54e-4181-9fce-30e5454f400b,FILL,2026-09-21 13:45:26.009110+00:00,partial_fill,13.68,447,buy,MARA,155,bd4db9ee-06d6-4a6b-8fa7-ffa8d4459139,1290,partially_filled
20260921094526384::92d82ffc-7822-4023-ab56-61552f6408f0,FILL,2026-09-21 13:45:26.384927+00:00,fill,166.13,17,buy,MSTR,0,47df451e-1375-40a6-aa9d-5f6db8d33ce5,119,filled
20260921094527423::d8bc4558-d895-4010-9d81-37724e4d65fe,FILL,2026-09-21 13:45:27.423673+00:00,partial_fill,13.69,93,buy,MARA,62,bd4db9ee-06d6-4a6b-8fa7-ffa8d4459139,1383,partially_filled
20260921094528554::d510e476-d7dc-44e5-813c-76dd80212c74,FILL,2026-09-21 13:45:28.554612+00:00,fill,13.69,62,buy,MARA,0,bd4db9ee-06d6-4a6b-8fa7-ffa8d4459139,1445,filled
20260921095111775::88e1cbf6-40cf-4a03-ab9f-8ef042858f34,FILL,2026-09-21 13:51:11.775164+00:00,partial_fill,68.96,280,buy,RKLB,10,78331613-cdfd-4ca3-b905-18f59a08283d,280,partially_filled
20260921095112419::121499d6-5e69-48fa-9426-aaf00f8dea7a,FILL,2026-09-21 13:51:12.419060+00:00,fill,68.96,10,buy,RKLB,0,78331613-cdfd-4ca3-b905-18f59a08283d,290,filled
20260921095127703::c6104a56-489d-42d3-9387-e9da8470e0bb,FILL,2026-09-21 13:51:27.703737+00:00,partial_fill,206.4,71,buy,COIN,26,60e88ad1-fe49-4bf2-a149-985cd905670b,71,partially_filled
20260921095128516::fb2f2ce3-b369-4f9d-a7ff-d968e7db0c57,FILL,2026-09-21 13:51:28.516008+00:00,fill,206.4,26,buy,COIN,0,60e88ad1-fe49-4bf2-a149-985cd905670b,97,filled
20260921095908955::2b1c64b1-eac4-4e81-a21f-589d24b6dcc0,FILL,2026-09-21 13:59:08.955209+00:00,partial_fill,15.43,35,buy,RIVN,4,7803226a-aae8-41f6-a26b-4abc3b762722,35,partially_filled
20260921095909699::3e5d67b1-993d-4383-9bc4-c0da590ca474,FILL,2026-09-21 13:59:09.699563+00:00,partial_fill,15.43,1,buy,RIVN,3,7803226a-aae8-41f6-a26b-4abc3b762722,36,partially_filled
20260921095910498::2aeae9e3-323e-42c7-8215-184616241769,FILL,2026-09-21 13:59:10.498509+00:00,partial_fill,15.43,2,buy,RIVN,1,7803226a-aae8-41f6-a26b-4abc3b762722,38,partially_filled
20260921095911733::32489278-03ec-4c42-9d18-fe612deb3387,FILL,2026-09-21 13:59:11.733451+00:00,fill,15.44,1,buy,RIVN,0,7803226a-aae8-41f6-a26b-4abc3b762722,39,filled
20260921103703199::1b515d94-eacc-4479-b1cc-c9059db097e2,FILL,2026-09-21 14:37:03.199995+00:00,fill,3.14,1,buy,SPCE,0,703dca47-88f2-4343-a201-30f5d1fb17a3,1,filled
20260922085105100::cf9a0081-bcae-43cd-903b-5a069f84318d,FILL,2026-09-22 12:51:05.100444+00:00,partial_fill,17.95,342,buy,SOFI,209,5487d0a5-0cf7-4e4f-a95f-2887e8bcd343,342,partially_filled
20260922085105671::094e9836-2873-43d8-9b8a-75bb7fef4e23,FILL,2026-09-22 12:51:05.671971+00:00,partial_fill,17.94,71,buy,SOFI,138,5487d0a5-0cf7-4e4f-a95f-2887e8bcd343,413,partially_filled
20260922085105882::f6b3da17-910d-43de-bf37-9ca57d6ab807,FILL,2026-09-22 12:51:05.882330+00:00,partial_fill,17.94,6,buy,SOFI,132,5487d0a5-0cf7-4e4f-a95f-2887e8bcd343,419,partially_filled
20260922085106317::f4ba7dfa-fb81-4f9d-b7ee-7a7ceb091b4a,FILL,2026-09-22 12:51:06.317343+00:00,partial_fill,17.94,125,buy,SOFI,7,5487d0a5-0cf7-4e4f-a95f-2887e8bcd343,544,partially_filled
20260922085106823::4b1b17a2-6a95-47a5-be5b-9a5c450a5824,FILL,2026-09-22 12:51:06.823260+00:00,fill,17.94,7,buy,SOFI,0,5487d0a5-0cf7-4e4f-a95f-2887e8bcd343,551,filled
20260922093016539::c65247a7-fd5f-441c-a32c-92a6c969a5f0,FILL,2026-09-22 13:30:16.539452+00:00,partial_fill,199.33,79,sell,COIN,18,6d352cea-0e3a-490f-b792-86866316759b,79,partially_filled
20260922093106408::696ad2ba-7fe8-41b4-99cb-d7c06bf832b8,FILL,2026-09-22 13:31:06.408216+00:00,partial_fill,13.11,1004,sell,MARA,441,8846cfda-bf42-4dd5-8110-7f9968b29d35,1004,partially_filled
20260922093147449::86167473-553d-4b4e-a6f7-8e3999e631af,FILL,2026-09-22 13:31:47.449615+00:00,fill,201.36,18,sell,COIN,0,6d352cea-0e3a-490f-b792-86866316759b,97,filled
20260922093206804::1d2b87b3-ee90-4c53-8e79-4e117b7b16ed,FILL,2026-09-22 13:32:06.804627+00:00,partial_fill,13.11,329,sell,MARA,112,8846cfda-bf42-4dd5-8110-7f9968b29d35,1333,partially_filled
20260922093250520::38e9586b-0840-4dbb-b573-ba09de725294,FILL,2026-09-22 13:32:50.520158+00:00,partial_fill,13.24,67,sell,MARA,45,8846cfda-bf42-4dd5-8110-7f9968b29d35,1400,partially_filled
20260922093323437::4518bb8f-0b2a-42b2-9dd9-7ddcbc85a651,FILL,2026-09-22 13:33:23.437955+00:00,partial_fill,13.2,22,sell,MARA,23,8846cfda-bf42-4dd5-8110-7f9968b29d35,1422,partially_filled
20260922093352438::75b1b010-18c0-4bf1-a42b-29885ee630d6,FILL,2026-09-22 13:33:52.438754+00:00,fill,13.21,23,sell,MARA,0,8846cfda-bf42-4dd5-8110-7f9968b29d35,1445,filled
20260922095139562::f0feddd1-5007-48b5-b3dd-c107218b2756,FILL,2026-09-22 13:51:39.562970+00:00,partial_fill,124.83,96,buy,HOOD,62,4e03b6eb-fc40-4823-bf02-478c7058e0d2,96,partially_filled
20260922095140119::09812bdb-8a34-49c2-980b-cc744a712243,FILL,2026-09-22 13:51:40.119490+00:00,partial_fill,124.83,36,buy,HOOD,26,4e03b6eb-fc40-4823-bf02-478c7058e0d2,132,partially_filled
20260922095140124::b631dd92-41f4-4f33-841f-41d1a8bbdaa0,FILL,2026-09-22 13:51:40.124435+00:00,partial_fill,5.56,24,buy,ACHR,1543,6cd23142-6a6f-44cf-99ac-08d2f4d145d2,24,partially_filled
20260922095140902::3b53ef85-f425-45f2-a7bd-cc7bd831a944,FILL,2026-09-22 13:51:40.902637+00:00,partial_fill,124.83,15,buy,HOOD,11,4e03b6eb-fc40-4823-bf02-478c7058e0d2,147,partially_filled
20260922095140905::0b333163-edb1-4e1b-90a3-e5010f5ec25f,FILL,2026-09-22 13:51:40.905722+00:00,partial_fill,5.56,252,buy,ACHR,1291,6cd23142-6a6f-44cf-99ac-08d2f4d145d2,276,partially_filled
20260922095141343::0aae6db4-9135-4ec3-8b86-86cf9fbfffc0,FILL,2026-09-22 13:51:41.343449+00:00,partial_fill,124.83,1,buy,HOOD,10,4e03b6eb-fc40-4823-bf02-478c7058e0d2,148,partially_filled
20260922095141348::8fe1e700-5092-4345-ae14-ac05224d89d4,FILL,2026-09-22 13:51:41.348349+00:00,partial_fill,5.56,1201,buy,ACHR,90,6cd23142-6a6f-44cf-99ac-08d2f4d145d2,1477,partially_filled
20260922095142314::4d9528ee-e4fd-4eb2-9d2b-2a65d4943740,FILL,2026-09-22 13:51:42.314787+00:00,fill,124.83,10,buy,HOOD,0,4e03b6eb-fc40-4823-bf02-478c7058e0d2,158,filled
20260922095142317::f645c38b-1c2e-4f3f-9377-91704d4f5b63,FILL,2026-09-22 13:51:42.317668+00:00,fill,5.56,90,buy,ACHR,0,6cd23142-6a6f-44cf-99ac-08d2f4d145d2,1567,filled
20260922100047683::72f1a68e-32ca-4d29-97d2-7e3d6cdb21f2,FILL,2026-09-22 14:00:47.683575+00:00,partial_fill,3.98,1,buy,RXRX,1,a4b91f3b-79ed-45ec-a495-b17612db4ecb,1,partially_filled
20260922100048652::ba38ac7f-efcd-4654-b5c1-8d2829faf724,FILL,2026-09-22 14:00:48.652830+00:00,fill,3.98,1,buy,RXRX,0,a4b91f3b-79ed-45ec-a495-b17612db4ecb,2,filled
20260922102519405::130014d7-9dca-4171-b73c-0468a498f351,FILL,2026-09-22 14:25:19.405225+00:00,partial_fill,17.04,406,sell,SOFI,145,b92bb03a-af06-4564-9d8b-9a14a1af7837,406,partially_filled
20260922102520152::5e3bb194-0598-4be5-bd3d-059e317f14df,FILL,2026-09-22 14:25:20.152835+00:00,fill,17.04,145,sell,SOFI,0,b92bb03a-af06-4564-9d8b-9a14a1af7837,551,filled
20260922102826979::8dbb0b85-aad9-4721-84c8-a6d3cd0e1a31,FILL,2026-09-22 14:28:26.979071+00:00,fill,8.33,14,buy,BULL,0,af2b3f03-66b4-4871-aac8-56c323dcdb2b,14,filled
20260922103544507::c42c6871-5e96-4adc-9191-7d06900bdfeb,FILL,2026-09-22 14:35:44.507438+00:00,fill,617.62,15,buy,AMD,0,e5dbbb7d-ce8c-4f18-81f9-3962ee794f99,15,filled
20260922152857441::781776e7-e675-4fe9-aa32-c7443f15ac1e,FILL,2026-09-22 19:28:57.441015+00:00,fill,105.73,187,buy,HUT,0,c9a5302b-36a6-49c7-bd98-3568448235e3,187,filled
20260923094859149::7f740789-1623-471c-a6bf-5234c5787fc9,FILL,2026-09-23 13:48:59.149801+00:00,partial_fill,19.16,1,buy,CIFR,2,943bfa26-e8a1-463f-8005-1554c71c749f,1,partially_filled
20260923094859659::166272b5-607b-48a5-b9e3-675fde59e6cc,FILL,2026-09-23 13:48:59.659918+00:00,fill,19.16,2,buy,CIFR,0,943bfa26-e8a1-463f-8005-1554c71c749f,3,filled
20260923100659510::88c09318-bd38-40a4-a21e-813d9aca040c,FILL,2026-09-23 14:06:59.510187+00:00,partial_fill,7.88,12,sell,BULL,2,9a961135-8ee7-4d9b-a578-2a054848047c,12,partially_filled
20260923100659973::374916c5-4889-44ef-98bd-e7a0a127d2e2,FILL,2026-09-23 14:06:59.973695+00:00,partial_fill,7.88,1,sell,BULL,1,9a961135-8ee7-4d9b-a578-2a054848047c,13,partially_filled
20260923100700525::d47a874d-b400-4d63-a6c5-8bfc4390b6c7,FILL,2026-09-23 14:07:00.525632+00:00,fill,7.88,1,sell,BULL,0,9a961135-8ee7-4d9b-a578-2a054848047c,14,filled
20260923100909555::49cfbe76-0ce6-4bd8-b53a-d16f2c52f24e,FILL,2026-09-23 14:09:09.555809+00:00,fill,7.75,2,buy,ONDS,0,4e282575-d69b-4b2e-9baf-9c81162ebf44,2,filled
20260923101003302::e796ca88-f8f8-4ba8-92ba-7c099dd95adc,FILL,2026-09-23 14:10:03.302717+00:00,partial_fill,42.09,1,buy,SMCI,1,fb31fd19-6f97-4725-9132-497784a71973,1,partially_filled
20260923101004464::8b4cbfd2-8b79-4aa9-a90f-1da9bd360c4e,FILL,2026-09-23 14:10:04.464622+00:00,fill,42.11,1,buy,SMCI,0,fb31fd19-6f97-4725-9132-497784a71973,2,filled
20260923101614059::e1d3ace6-50a4-443e-ab3f-c5aff9f86f2f,FILL,2026-09-23 14:16:14.059101+00:00,fill,24.9,1,buy,RIOT,0,e5e21c74-6f82-452c-af5c-d9b750bda0b3,1,filled
20260923102218774::354be0a7-1ffe-43fa-a0eb-65ac1aa208ae,FILL,2026-09-23 14:22:18.774249+00:00,fill,3.2,1,sell,SPCE,0,b33fb2c2-122c-4b23-aaf5-c6151a0ce9e3,1,filled
20260923123933080::5c558dd0-1c7f-4139-b729-61496d237de6,FILL,2026-09-23 16:39:33.080907+00:00,fill,3.78,2,sell,RXRX,0,d92ce9e0-3a8e-42f5-8cb9-edf774c08fd8,2,filled
20260923130352638::787eece3-ec71-4c96-b37a-6a8de2031cb9,FILL,2026-09-23 17:03:52.638755+00:00,partial_fill,70.77,183,sell,RKLB,107,52f9272b-d18b-4e72-9f86-996d362e9a92,183,partially_filled
20260923130353390::76258415-6aad-4b1a-a0cb-0e3ea1eeab6f,FILL,2026-09-23 17:03:53.390214+00:00,partial_fill,70.76,14,sell,RKLB,93,52f9272b-d18b-4e72-9f86-996d362e9a92,197,partially_filled
20260923130354090::6f800544-42a3-4e58-9cbb-1413588a2e50,FILL,2026-09-23 17:03:54.090392+00:00,partial_fill,70.75,52,sell,RKLB,41,52f9272b-d18b-4e72-9f86-996d362e9a92,249,partially_filled
20260923130355036::39f80473-38cd-4090-86f8-f648b32cf660,FILL,2026-09-23 17:03:55.036429+00:00,partial_fill,70.75,20,sell,RKLB,21,52f9272b-d18b-4e72-9f86-996d362e9a92,269,partially_filled
20260923130355547::954556eb-5a01-44ba-b9dd-f650716ecb56,FILL,2026-09-23 17:03:55.547611+00:00,partial_fill,70.75,17,sell,RKLB,4,52f9272b-d18b-4e72-9f86-996d362e9a92,286,partially_filled
20260923130356407::84eac5b9-c284-40c7-8559-fa3c0dd37c2f,FILL,2026-09-23 17:03:56.407035+00:00,partial_fill,70.75,1,sell,RKLB,3,52f9272b-d18b-4e72-9f86-996d362e9a92,287,partially_filled
20260923130357142::788ce356-fdc9-4ed7-9b0f-6f4bdb35ab21,FILL,2026-09-23 17:03:57.142011+00:00,partial_fill,70.75,2,sell,RKLB,1,52f9272b-d18b-4e72-9f86-996d362e9a92,289,partially_filled
20260923130357600::b6cc9710-ff10-4590-971d-92ee897e5822,FILL,2026-09-23 17:03:57.600133+00:00,fill,70.75,1,sell,RKLB,0,52f9272b-d18b-4e72-9f86-996d362e9a92,290,filled
20260924093026806::ee1415dc-7cee-42e5-84db-83d60283e70b,FILL,2026-09-24 13:30:26.806062+00:00,partial_fill,7.24,1,sell,ONDS,1,582fc840-e8b5-4c5c-a083-43c2171e4658,1,partially_filled
20260924093032427::853b9f24-31e7-45fa-a025-036249cfb272,FILL,2026-09-24 13:30:32.427971+00:00,partial_fill,17.85,2,sell,CIFR,1,e3e5dc1f-9cba-4fac-b9f7-1e14240f8cfb,2,partially_filled
20260924093049493::272ed5ab-5253-450a-aa45-a5748e30868a,FILL,2026-09-24 13:30:49.493853+00:00,partial_fill,161.98,98,sell,MSTR,21,dbd3e8f5-a48a-4d13-8776-733a77729b27,98,partially_filled
20260924093054401::dcc0c512-6471-4973-97ef-bf9bba31eee9,FILL,2026-09-24 13:30:54.401750+00:00,partial_fill,98.72,66,sell,HUT,121,dd330605-ce83-4a2b-8785-be9d018ab87d,66,partially_filled
20260924093214930::d8452ad9-e0dd-4ae4-a305-d4e635f81669,FILL,2026-09-24 13:32:14.930580+00:00,fill,7.32,1,sell,ONDS,0,582fc840-e8b5-4c5c-a083-43c2171e4658,2,filled
20260924093217223::ce619bd1-6a15-49fe-ad48-8bf14418d9ad,FILL,2026-09-24 13:32:17.223343+00:00,fill,18.09,1,sell,CIFR,0,e3e5dc1f-9cba-4fac-b9f7-1e14240f8cfb,3,filled
20260924093224220::b071ee00-698f-409e-b576-6165844b47b8,FILL,2026-09-24 13:32:24.220638+00:00,partial_fill,163.89,16,sell,MSTR,5,dbd3e8f5-a48a-4d13-8776-733a77729b27,114,partially_filled
20260924093226239::eabada2a-b46b-49bf-89bf-882bf1049e3b,FILL,2026-09-24 13:32:26.239541+00:00,partial_fill,100.5,41,sell,HUT,80,dd330605-ce83-4a2b-8785-be9d018ab87d,107,partially_filled
20260924093304152::2b59f266-8bc2-4a98-a6e0-6c3d5928a00b,FILL,2026-09-24 13:33:04.152244+00:00,fill,164.11,5,sell,MSTR,0,dbd3e8f5-a48a-4d13-8776-733a77729b27,119,filled
20260924093305438::dcddd02d-cd01-41cd-95ea-82fb2c02f2aa,FILL,2026-09-24 13:33:05.438172+00:00,partial_fill,101.55,58,sell,HUT,22,dd330605-ce83-4a2b-8785-be9d018ab87d,165,partially_filled
20260924093314083::e2e3262b-0a1b-49e2-ab71-1390d6c34ae1,FILL,2026-09-24 13:33:14.083916+00:00,partial_fill,101.55,13,sell,HUT,9,dd330605-ce83-4a2b-8785-be9d018ab87d,178,partially_filled
20260924093341274::970f5f59-962b-4b8a-bb32-f50d54948c27,FILL,2026-09-24 13:33:41.274825+00:00,partial_fill,101.5,4,sell,HUT,5,dd330605-ce83-4a2b-8785-be9d018ab87d,182,partially_filled
20260924093342568::83f7f3ab-4605-4eac-8ae7-37a47c460ebe,FILL,2026-09-24 13:33:42.568347+00:00,partial_fill,101.44,2,sell,HUT,3,dd330605-ce83-4a2b-8785-be9d018ab87d,184,partially_filled
20260924093352131::9946f173-8ea6-461e-930e-26a6b3ba825a,FILL,2026-09-24 13:33:52.131066+00:00,partial_fill,101.44,1,sell,HUT,2,dd330605-ce83-4a2b-8785-be9d018ab87d,185,partially_filled
20260924093354121::eb404ab2-f695-45ce-9f03-4502ae6059ca,FILL,2026-09-24 13:33:54.121234+00:00,partial_fill,101.3,1,sell,HUT,1,dd330605-ce83-4a2b-8785-be9d018ab87d,186,partially_filled
20260924093357289::51cb695a-5795-4c0e-bc60-469feb871bc7,FILL,2026-09-24 13:33:57.289273+00:00,fill,101.3,1,sell,HUT,0,dd330605-ce83-4a2b-8785-be9d018ab87d,187,filled
20260924094241715::4903148d-14bb-465b-afb1-f8222add89bb,FILL,2026-09-24 13:42:41.715154+00:00,partial_fill,4.12,404,buy,LCID,4233,431de49b-e192-420e-82d3-5fdb6e35f12b,404,partially_filled
20260924094242357::bebc115a-3476-4b2a-b683-39f572d5b027,FILL,2026-09-24 13:42:42.357329+00:00,partial_fill,4.12,1288,buy,LCID,2945,431de49b-e192-420e-82d3-5fdb6e35f12b,1692,partially_filled
20260924094243094::aa6c97ec-60ac-49c1-a294-584f5ca57cbe,FILL,2026-09-24 13:42:43.094860+00:00,partial_fill,4.12,2012,buy,LCID,933,431de49b-e192-420e-82d3-5fdb6e35f12b,3704,partially_filled
20260924094243781::831ba7d8-0cae-4c2e-8eee-058283eec660,FILL,2026-09-24 13:42:43.781839+00:00,partial_fill,4.12,78,buy,LCID,855,431de49b-e192-420e-82d3-5fdb6e35f12b,3782,partially_filled
20260924094244391::920b9237-6f65-45a0-8e37-2da74b0ffbac,FILL,2026-09-24 13:42:44.391305+00:00,partial_fill,4.12,242,buy,LCID,613,431de49b-e192-420e-82d3-5fdb6e35f12b,4024,partially_filled
20260924094245497::30c9823c-b9fc-4d6e-8f2b-6a17344e522f,FILL,2026-09-24 13:42:45.497673+00:00,fill,4.12,613,buy,LCID,0,431de49b-e192-420e-82d3-5fdb6e35f12b,4637,filled
20260924094548007::22603f55-1d99-4b31-b0eb-5ccfb1a8b3f6,FILL,2026-09-24 13:45:48.007215+00:00,fill,184.09,104,buy,MRNA,0,f0b5bb7e-8a9d-45c5-b804-962e8a391bc0,104,filled
20260924095152053::15550875-5e12-4526-a455-c9ff108935f1,FILL,2026-09-24 13:51:52.053294+00:00,fill,194.07,1,buy,COIN,0,9db5eee9-18b3-43db-954f-f126fd03cd5e,1,filled
20260924095152646::d5141ce1-7313-493e-80b6-dfa08c69f7be,FILL,2026-09-24 13:51:52.646159+00:00,fill,325.0,3,buy,ARM,0,416328bd-82ea-4ca3-8081-a39aaaa2677c,3,filled
20260924095153478::b6e1c5d0-fbbb-400f-bb48-bdd4bca69e32,FILL,2026-09-24 13:51:53.478041+00:00,fill,14.37,3,buy,CLSK,0,f925733f-e8b2-4bf7-8c49-1c12363e3b6c,3,filled
20260924095251112::bc804603-82b0-40a0-85a0-acecfa8cc7de,FILL,2026-09-24 13:52:51.112218+00:00,partial_fill,101.53,81,buy,HUT,108,18e709fa-b1b7-489b-b695-6ca5dcf13003,81,partially_filled
20260924095251324::643aa4fa-6f33-489b-a17e-f4b945bebeb1,FILL,2026-09-24 13:52:51.324829+00:00,partial_fill,101.53,71,buy,HUT,37,18e709fa-b1b7-489b-b695-6ca5dcf13003,152,partially_filled
20260924095252333::078e393e-179c-4d7d-bc45-437654839294,FILL,2026-09-24 13:52:52.333354+00:00,partial_fill,101.53,28,buy,HUT,9,18e709fa-b1b7-489b-b695-6ca5dcf13003,180,partially_filled
20260924095252958::42c85258-374e-4385-a1b3-22cbe5ad190b,FILL,2026-09-24 13:52:52.958206+00:00,partial_fill,101.53,3,buy,HUT,6,18e709fa-b1b7-489b-b695-6ca5dcf13003,183,partially_filled
20260924095253461::648edf15-2467-49d9-9c02-ecec1b01c2b0,FILL,2026-09-24 13:52:53.461790+00:00,partial_fill,101.53,5,buy,HUT,1,18e709fa-b1b7-489b-b695-6ca5dcf13003,188,partially_filled
20260924095254782::21f97377-aa97-45d8-8ba2-4300a40bfa1f,FILL,2026-09-24 13:52:54.782908+00:00,fill,101.53,1,buy,HUT,0,18e709fa-b1b7-489b-b695-6ca5dcf13003,189,filled
20260924095758802::f029f80d-f80d-4d8d-b4aa-0885388cf0bf,FILL,2026-09-24 13:57:58.802361+00:00,partial_fill,13.19,1,buy,MARA,1,41f2d793-eb06-42d6-b753-a06900836fdd,1,partially_filled
20260924095759335::6de3cd9b-7e70-4176-86be-86cd3440ea7b,FILL,2026-09-24 13:57:59.335075+00:00,fill,13.19,1,buy,MARA,0,41f2d793-eb06-42d6-b753-a06900836fdd,2,filled
20260924105302669::ad9deee4-0700-42e0-8611-d346bf2df52a,FILL,2026-09-24 14:53:02.669034+00:00,partial_fill,39.93,1,sell,SMCI,1,8972089c-009d-49f7-89c8-abfc4342c52d,1,partially_filled
20260924105303731::3a0b0741-b4f2-4995-82f9-83a7ea2c4420,FILL,2026-09-24 14:53:03.731473+00:00,fill,39.93,1,sell,SMCI,0,8972089c-009d-49f7-89c8-abfc4342c52d,2,filled
20260924110213897::3ab99871-7e27-4537-92bf-de964904a3f3,FILL,2026-09-24 15:02:13.897229+00:00,fill,16.22,5,buy,WULF,0,69a3461b-24ad-4d1b-bfec-ca6f628d8582,5,filled
20260924112030657::30337c69-5526-4f70-9b63-85c08ddb3534,FILL,2026-09-24 15:20:30.657868+00:00,partial_fill,308.43,1,sell,ARM,2,52c9b697-4466-4f7c-a351-f422ab60c5f6,1,partially_filled
20260924112031453::76e55ad1-7044-46af-9885-272d67fc7326,FILL,2026-09-24 15:20:31.453778+00:00,partial_fill,308.43,1,sell,ARM,1,52c9b697-4466-4f7c-a351-f422ab60c5f6,2,partially_filled
20260924112032082::22824380-f3f5-4166-a189-f9a9d6adb123,FILL,2026-09-24 15:20:32.082746+00:00,fill,308.43,1,sell,ARM,0,52c9b697-4466-4f7c-a351-f422ab60c5f6,3,filled
20260924112335918::35028f3b-d90b-4c5c-a155-cdf9a12ef748,FILL,2026-09-24 15:23:35.918754+00:00,partial_fill,160.61,3,buy,MSTR,2,fecbfa5d-a9e9-49ec-bf74-416c0f858bb4,3,partially_filled
20260924112336596::11e6fbbb-f881-4c77-93a6-1809aa84b7f1,FILL,2026-09-24 15:23:36.596166+00:00,partial_fill,160.7,1,buy,MSTR,1,fecbfa5d-a9e9-49ec-bf74-416c0f858bb4,4,partially_filled
20260924112337692::912f91ac-0c1c-4bc6-9bc4-dd2216e18fe1,FILL,2026-09-24 15:23:37.692502+00:00,fill,160.7,1,buy,MSTR,0,fecbfa5d-a9e9-49ec-bf74-416c0f858bb4,5,filled
20260925093102828::65571ca1-63fa-452b-9e4b-403ab222fbae,FILL,2026-09-25 13:31:02.828599+00:00,fill,23.45,1,sell,RIOT,0,e2f5452b-2af3-46ba-a8e1-36f8ececa6db,1,filled
20260925094848022::fd358928-e4f0-4342-9227-92393a365363,FILL,2026-09-25 13:48:48.022609+00:00,partial_fill,12.5,1,sell,MARA,1,70efb524-4d5d-4422-9316-0e186e6d452a,1,partially_filled
20260925094849585::3e311d1e-13d9-47fd-9fd5-5e83c5df8f67,FILL,2026-09-25 13:48:49.585178+00:00,fill,12.5,1,sell,MARA,0,70efb524-4d5d-4422-9316-0e186e6d452a,2,filled
20260925100405628::cb54f2f0-5cc0-4fdb-9e1d-b678e7b5e964,FILL,2026-09-25 14:04:05.628124+00:00,fill,13.62,3,sell,CLSK,0,52bada8d-43d9-43fb-bf3a-919811163cbd,3,filled
20260925100504781::05407853-aaf9-436c-9627-b9d639e8a194,FILL,2026-09-25 14:05:04.781161+00:00,fill,42.78,4,buy,SMCI,0,9bc1bcd4-2812-47e6-9b72-1ddfcecfc25d,4,filled
20260925100710999::64056538-abb4-4cd3-8d9b-1416e755cdaf,FILL,2026-09-25 14:07:10.999831+00:00,partial_fill,118.38,90,sell,HOOD,68,ebf6a1cf-ff42-42f9-b293-f22878a4899b,90,partially_filled
20260925100711318::1863a8fc-fdd8-40e0-86f5-7a7bffc54891,FILL,2026-09-25 14:07:11.318110+00:00,partial_fill,95.76,27,sell,HUT,162,58590e8e-232c-4801-82cf-c69ec9a1d766,27,partially_filled
20260925100711832::80e36ce4-fd90-4c30-8c5c-27699af3f057,FILL,2026-09-25 14:07:11.832776+00:00,fill,95.5,162,sell,HUT,0,58590e8e-232c-4801-82cf-c69ec9a1d766,189,filled
20260925100712109::ba25aafb-0c9c-40a2-a2ac-79c966c7c288,FILL,2026-09-25 14:07:12.109592+00:00,partial_fill,118.35,9,sell,HOOD,59,ebf6a1cf-ff42-42f9-b293-f22878a4899b,99,partially_filled
20260925100712757::a5f8f7f5-ceb6-4cef-993c-b241fb9be606,FILL,2026-09-25 14:07:12.757892+00:00,partial_fill,118.35,34,sell,HOOD,25,ebf6a1cf-ff42-42f9-b293-f22878a4899b,133,partially_filled
20260925100713654::488d2f93-04f7-4a71-b75b-cbe155035ace,FILL,2026-09-25 14:07:13.654484+00:00,fill,118.27,25,sell,HOOD,0,ebf6a1cf-ff42-42f9-b293-f22878a4899b,158,filled
20260925100714636::f2436d3f-a0b1-48d2-af56-ab5eca4c089f,FILL,2026-09-25 14:07:14.636053+00:00,fill,27.14,1,buy,WOLF,0,36b66f7d-87ae-4430-9f8b-9641897cb342,1,filled
20260925101630174::afe0f9d8-f8d4-414e-b441-cedc86dad3fd,FILL,2026-09-25 14:16:30.174542+00:00,fill,199.42,96,buy,QCOM,0,94008e86-ba71-4285-842f-fba9732161eb,96,filled
20260925115153224::603b20be-c80d-41a3-ab43-12e683b8d1b1,FILL,2026-09-25 15:51:53.224398+00:00,partial_fill,15.37,4,sell,WULF,1,7440cac7-1084-489b-9456-0d2df43f176b,4,partially_filled
20260925115153668::1a893ddd-d0aa-4279-abeb-77fc052b0fa6,FILL,2026-09-25 15:51:53.668258+00:00,fill,15.37,1,sell,WULF,0,7440cac7-1084-489b-9456-0d2df43f176b,5,filled
20260925122109932::40547718-72a8-45c0-b0d5-cbd129bd8952,FILL,2026-09-25 16:21:09.932334+00:00,fill,3.3,5364,buy,SPCE,0,64c8c5e9-953b-46c5-af40-c0983972560f,5364,filled
