order_id,symbol,side,type,qty,filled_qty,filled_avg_price,limit_price,status,extended_hours,submitted_at,filled_at,client_order_id
47df451e-1375-40a6-aa9d-5f6db8d33ce5,MSTR,buy,limit,119.0,119.0,166.086135,168.23,filled,True,2026-09-21 13:45:22.923595+00:00,2026-09-21 13:45:26.384927+00:00,14033569-7e5b-443e-9e18-8c2ddc137de1
bd4db9ee-06d6-4a6b-8fa7-ffa8d4459139,MARA,buy,limit,1445.0,1445.0,13.681072,13.85,filled,True,2026-09-21 13:45:23.101657+00:00,2026-09-21 13:45:28.554612+00:00,80a0711f-1fb5-4a29-a3eb-15e4c831e84d
78331613-cdfd-4ca3-b905-18f59a08283d,RKLB,buy,limit,290.0,290.0,68.96,69.02,filled,True,2026-09-21 13:45:24.222902+00:00,2026-09-21 13:51:12.419060+00:00,bfa2f50f-5e19-44dd-a131-a43c3555ada6
c5fa1e98-85d3-41bf-ac7a-72f38a7a4914,AMD,buy,limit,33.0,0.0,,601.22,expired,True,2026-09-21 13:51:26.385167+00:00,,e49b6206-4cc7-4c5f-8441-0e936c5c42b0
60e88ad1-fe49-4bf2-a149-985cd905670b,COIN,buy,limit,97.0,97.0,206.4,206.59,filled,True,2026-09-21 13:51:26.738384+00:00,2026-09-21 13:51:28.516008+00:00,cd8685fe-ab18-4737-88fa-154468747be0
7803226a-aae8-41f6-a26b-4abc3b762722,RIVN,buy,limit,39.0,39.0,15.430256,15.44,filled,True,2026-09-21 13:57:30.000160+00:00,2026-09-21 13:59:11.733451+00:00,af024fe4-539f-4902-ae0a-dc70adcfca22
703dca47-88f2-4343-a201-30f5d1fb17a3,SPCE,buy,limit,1.0,1.0,3.14,3.15,filled,True,2026-09-21 14:37:02.103066+00:00,2026-09-21 14:37:03.199995+00:00,8fdff821-85d7-4d8c-a955-2f9a2cf0277d
a6ad4733-8bf5-4b2f-a50b-aa9445177df5,MSTR,sell,market,119.0,0.0,,,canceled,False,2026-09-21 21:45:41.563478+00:00,,7ec875cb-739a-4dd6-ab13-62e8734f9aa1
bd994735-9419-4b38-807c-c4e06c127733,RKLB,sell,market,290.0,0.0,,,canceled,False,2026-09-21 21:45:41.569904+00:00,,4f6f2c79-05e0-4293-8910-7e9695f2f776
bfa1183a-18f4-43d6-8a97-9b13c5e1d418,SPCE,sell,market,1.0,0.0,,,canceled,False,2026-09-21 22:40:59.570090+00:00,,719aa507-3bd6-425e-ae1c-cd76fe90465b
6d352cea-0e3a-490f-b792-86866316759b,COIN,sell,market,97.0,97.0,199.706701,,filled,False,2026-09-22 08:05:01.023192+00:00,2026-09-22 13:31:47.449615+00:00,80b85ffa-eb73-4dc8-ac8f-bb22796d5621
8846cfda-bf42-4dd5-8110-7f9968b29d35,MARA,sell,market,1445.0,1445.0,13.118989,,filled,False,2026-09-22 08:10:02.083939+00:00,2026-09-22 13:33:52.438754+00:00,50832acd-4af6-4acc-a5fe-09a6171f3d5a
5487d0a5-0cf7-4e4f-a95f-2887e8bcd343,SOFI,buy,limit,551.0,551.0,17.946207,18.02,filled,True,2026-09-22 12:51:04.849547+00:00,2026-09-22 12:51:06.823260+00:00,08ea4d98-5267-4b3e-a378-325f71b0f1a1
c9a5302b-36a6-49c7-bd98-3568448235e3,HUT,buy,limit,187.0,187.0,105.73,105.73,filled,True,2026-09-22 13:45:31.665174+00:00,2026-09-22 19:28:57.441015+00:00,837d9130-2fd6-46b2-9ecf-821249be140e
4e03b6eb-fc40-4823-bf02-478c7058e0d2,HOOD,buy,limit,158.0,158.0,124.83,125.29,filled,True,2026-09-22 13:51:38.979650+00:00,2026-09-22 13:51:42.314787+00:00,5f97c198-e386-4312-b3ca-2a7d5c59a7bd
6cd23142-6a6f-44cf-99ac-08d2f4d145d2,ACHR,buy,limit,1567.0,1567.0,5.56,5.57,filled,True,2026-09-22 13:51:39.234455+00:00,2026-09-22 13:51:42.317668+00:00,496f59a0-f89e-4c64-8438-7428d638f93d
aab9121c-e056-4055-b141-899e8255076e,MARA,buy,limit,5.0,0.0,,13.39,expired,True,2026-09-22 13:57:43.727210+00:00,,72cb120c-bfe6-4034-929f-c62a2b1704ac
a4b91f3b-79ed-45ec-a495-b17612db4ecb,RXRX,buy,limit,2.0,2.0,3.98,4.02,filled,True,2026-09-22 14:00:47.144619+00:00,2026-09-22 14:00:48.652830+00:00,6fbc60a6-2236-4ad8-a586-97a7b5e210e0
b92bb03a-af06-4564-9d8b-9a14a1af7837,SOFI,sell,market,551.0,551.0,17.04,,filled,False,2026-09-22 14:25:18.648949+00:00,2026-09-22 14:25:20.152835+00:00,5630a423-abbc-49a9-8c20-36f77cefb38f
e5dbbb7d-ce8c-4f18-81f9-3962ee794f99,AMD,buy,limit,15.0,15.0,617.62,617.89,filled,True,2026-09-22 14:28:23.675735+00:00,2026-09-22 14:35:44.507438+00:00,37620d7c-6e63-40e6-8879-4bf147e08c23
af2b3f03-66b4-4871-aac8-56c323dcdb2b,BULL,buy,limit,14.0,14.0,8.33,8.39,filled,True,2026-09-22 14:28:26.049480+00:00,2026-09-22 14:28:26.979071+00:00,9b2beb10-da10-47e4-9915-b6e8173edfdc
b1aa4749-6b7b-4e6c-b8a2-65b0f61679a2,HOOD,sell,market,158.0,0.0,,,canceled,False,2026-09-22 21:52:15.012874+00:00,,23223e00-7f4e-4b9d-bfc5-9d6eaf94122f
fc941de6-aea8-44be-9d6f-337ea4b34959,ACHR,sell,market,1567.0,0.0,,,canceled,False,2026-09-22 21:52:15.022094+00:00,,07d079ab-1c5c-4486-93a3-805aea4b9566
c4a6b4b4-7ec1-4f33-acf9-bc2ce03f5bad,AMD,sell,market,15.0,0.0,,,canceled,False,2026-09-22 22:32:29.453811+00:00,,c2e2d5a1-3958-4d68-87ec-7c410bf49b90
943bfa26-e8a1-463f-8005-1554c71c749f,CIFR,buy,limit,3.0,3.0,19.16,19.17,filled,True,2026-09-23 13:45:37.923064+00:00,2026-09-23 13:48:59.659918+00:00,5815deef-0019-48cd-9864-9e5811b89faf
4e282575-d69b-4b2e-9baf-9c81162ebf44,ONDS,buy,limit,2.0,2.0,7.75,7.75,filled,True,2026-09-23 14:00:54.904971+00:00,2026-09-23 14:09:09.555809+00:00,2aa17c66-5470-495b-bbba-8c8fc593c468
9a961135-8ee7-4d9b-a578-2a054848047c,BULL,sell,market,14.0,14.0,7.88,,filled,False,2026-09-23 14:06:58.532043+00:00,2026-09-23 14:07:00.525632+00:00,de09ea3a-45b0-49e2-a570-5a3de270807e
fb31fd19-6f97-4725-9132-497784a71973,SMCI,buy,limit,2.0,2.0,42.1,42.18,filled,True,2026-09-23 14:10:02.457035+00:00,2026-09-23 14:10:04.464622+00:00,072890a9-3697-4ec3-821d-a20c8dd597fe
e5e21c74-6f82-452c-af5c-d9b750bda0b3,RIOT,buy,limit,1.0,1.0,24.9,25.14,filled,True,2026-09-23 14:16:13.722025+00:00,2026-09-23 14:16:14.059101+00:00,de218a90-d4b4-45df-89ab-3c6519fe337d
b33fb2c2-122c-4b23-aaf5-c6151a0ce9e3,SPCE,sell,market,1.0,1.0,3.2,,filled,False,2026-09-23 14:22:18.290423+00:00,2026-09-23 14:22:18.774249+00:00,da064d8a-99ae-4bef-84b4-ef896efbac27
d92ce9e0-3a8e-42f5-8cb9-edf774c08fd8,RXRX,sell,market,2.0,2.0,3.78,,filled,False,2026-09-23 16:39:32.554875+00:00,2026-09-23 16:39:33.080907+00:00,93f94a54-738b-4ca0-96da-a1f3f3f99363
52f9272b-d18b-4e72-9f86-996d362e9a92,RKLB,sell,market,290.0,290.0,70.763103,,filled,False,2026-09-23 17:03:52.110216+00:00,2026-09-23 17:03:57.600133+00:00,e745a660-1223-4caa-9b92-0e9a28b86e7c
5ccdfef2-7947-4c37-a82d-e7c1d31a4aac,SMCI,sell,market,2.0,0.0,,,canceled,False,2026-09-23 22:12:07.767429+00:00,,12fc518e-9c1a-45d6-8856-33de0869d9d7
5d66551e-e083-4765-a090-dfbbba30252d,RIOT,sell,market,1.0,0.0,,,canceled,False,2026-09-23 22:17:09.369973+00:00,,3c63b39a-5868-4dc0-b43e-177bf9dc0706
e3e5dc1f-9cba-4fac-b9f7-1e14240f8cfb,CIFR,sell,market,3.0,3.0,17.93,,filled,False,2026-09-24 08:05:01.313916+00:00,2026-09-24 13:32:17.223343+00:00,9eb4c1d2-b2a2-4232-a9d5-c7ceed88f2e3
582fc840-e8b5-4c5c-a083-43c2171e4658,ONDS,sell,market,2.0,2.0,7.28,,filled,False,2026-09-24 08:05:01.322425+00:00,2026-09-24 13:32:14.930580+00:00,c5e7308b-bc29-4961-a80d-9ee59036bd80
dd330605-ce83-4a2b-8785-be9d018ab87d,HUT,sell,market,187.0,187.0,100.315454,,filled,False,2026-09-24 08:20:04.627265+00:00,2026-09-24 13:33:57.289273+00:00,a39a9e3d-317d-4c35-aeb1-0cab47c87d38
dbd3e8f5-a48a-4d13-8776-733a77729b27,MSTR,sell,market,119.0,119.0,162.326302,,filled,False,2026-09-24 08:50:11.919734+00:00,2026-09-24 13:33:04.152244+00:00,89d15db0-7cb7-4cc4-a07b-f20a08fa083c
431de49b-e192-420e-82d3-5fdb6e35f12b,LCID,buy,limit,4637.0,4637.0,4.12,4.16,filled,True,2026-09-24 13:42:41.160860+00:00,2026-09-24 13:42:45.497673+00:00,32e463cf-aa8b-4360-af1e-92461a2899ad
f0b5bb7e-8a9d-45c5-b804-962e8a391bc0,MRNA,buy,limit,104.0,104.0,184.09,184.14,filled,True,2026-09-24 13:45:44.358555+00:00,2026-09-24 13:45:48.007215+00:00,5c6404ec-2fe9-48ca-8ecd-aa6668dfe938
18e709fa-b1b7-489b-b695-6ca5dcf13003,HUT,buy,limit,189.0,189.0,101.53,101.6,filled,True,2026-09-24 13:45:46.133503+00:00,2026-09-24 13:52:54.782908+00:00,40c22a0c-ec56-431f-8a15-bd5e8f202ced
416328bd-82ea-4ca3-8081-a39aaaa2677c,ARM,buy,limit,3.0,3.0,325.0,325.18,filled,True,2026-09-24 13:51:51.273444+00:00,2026-09-24 13:51:52.646159+00:00,9650b5c4-884e-4f0b-bc97-204d3247dbf7
9db5eee9-18b3-43db-954f-f126fd03cd5e,COIN,buy,limit,1.0,1.0,194.07,198.65,filled,True,2026-09-24 13:51:51.669905+00:00,2026-09-24 13:51:52.053294+00:00,1c4d7b22-0828-400d-ba45-52e02231c8b8
f925733f-e8b2-4bf7-8c49-1c12363e3b6c,CLSK,buy,limit,3.0,3.0,14.37,14.68,filled,True,2026-09-24 13:51:52.600489+00:00,2026-09-24 13:51:53.478041+00:00,fc8277da-1792-44cc-ba0c-1e350f83810d
41f2d793-eb06-42d6-b753-a06900836fdd,MARA,buy,limit,2.0,2.0,13.19,13.31,filled,True,2026-09-24 13:57:58.152848+00:00,2026-09-24 13:57:59.335075+00:00,7112828b-e9c5-4ffa-8421-4dbc01cb358c
8972089c-009d-49f7-89c8-abfc4342c52d,SMCI,sell,market,2.0,2.0,39.93,,filled,False,2026-09-24 14:53:02.008900+00:00,2026-09-24 14:53:03.731473+00:00,a631ea00-72a2-4e3c-a6ee-84fa5323dfa5
69a3461b-24ad-4d1b-bfec-ca6f628d8582,WULF,buy,limit,5.0,5.0,16.22,16.36,filled,True,2026-09-24 15:02:12.869439+00:00,2026-09-24 15:02:13.897229+00:00,1be78a14-c652-4f36-88f5-5d274f5aa24f
52c9b697-4466-4f7c-a351-f422ab60c5f6,ARM,sell,market,3.0,3.0,308.43,,filled,False,2026-09-24 15:20:30.192827+00:00,2026-09-24 15:20:32.082746+00:00,443b2333-e68d-4202-9521-7f7a4a9edcd1
fecbfa5d-a9e9-49ec-bf74-416c0f858bb4,MSTR,buy,limit,5.0,5.0,160.646,163.09,filled,True,2026-09-24 15:23:35.226770+00:00,2026-09-24 15:23:37.692502+00:00,46f3bad2-45ed-4ffe-ab55-955c86976529
e6bf73f7-2183-4215-b30a-65fbc0ace2e5,RIOT,sell,market,1.0,0.0,,,canceled,False,2026-09-24 20:20:32.565785+00:00,,1765ffe8-50d5-4e0a-8c0d-c841300a6ebc
35ca7319-5c4c-4360-8a9e-18ed66b748f8,RKLB,buy,limit,1.0,0.0,,72.03,expired,True,2026-09-24 21:31:09.542954+00:00,,569f92db-d30d-419e-a4b2-5dbbc8efbb46
31d41d09-7d3f-48ef-8eda-6c6ee967e05e,WULF,sell,market,5.0,0.0,,,canceled,False,2026-09-24 23:06:44.139243+00:00,,15fe17d1-7364-4e56-ae5f-d72b0f97a656
b9326ebc-430f-4cab-b6bd-e8b4fd7c5e6e,MSTR,sell,market,5.0,0.0,,,canceled,False,2026-09-24 23:26:51.482123+00:00,,de1e6c91-491d-4ffb-a40c-9ce5aa0971ac
e2f5452b-2af3-46ba-a8e1-36f8ececa6db,RIOT,sell,market,1.0,1.0,23.45,,filled,False,2026-09-25 08:00:15.894052+00:00,2026-09-25 13:31:02.828599+00:00,cd87dfbe-96f5-4da5-87c2-0fc37adeb4f3
70efb524-4d5d-4422-9316-0e186e6d452a,MARA,sell,market,2.0,2.0,12.5,,filled,False,2026-09-25 13:48:47.414250+00:00,2026-09-25 13:48:49.585178+00:00,c0999b16-9fce-4fb1-b4a4-8f1596c4879d
9bc1bcd4-2812-47e6-9b72-1ddfcecfc25d,SMCI,buy,limit,4.0,4.0,42.78,42.78,filled,True,2026-09-25 14:00:58.659872+00:00,2026-09-25 14:05:04.781161+00:00,950862b4-f9c7-4560-b15a-2febe80469b6
52bada8d-43d9-43fb-bf3a-919811163cbd,CLSK,sell,market,3.0,3.0,13.62,,filled,False,2026-09-25 14:04:05.507665+00:00,2026-09-25 14:04:05.628124+00:00,7de355f1-b411-4976-ab4a-2243ff2743b4
ebf6a1cf-ff42-42f9-b293-f22878a4899b,HOOD,sell,market,158.0,158.0,118.354431,,filled,False,2026-09-25 14:07:10.800500+00:00,2026-09-25 14:07:13.654484+00:00,6a5bb075-3a9c-420f-926c-ebebd9afbfd4
58590e8e-232c-4801-82cf-c69ec9a1d766,HUT,sell,market,189.0,189.0,95.537143,,filled,False,2026-09-25 14:07:10.809221+00:00,2026-09-25 14:07:11.832776+00:00,00791fb9-1134-41ad-b011-cf995c17cd71
36b66f7d-87ae-4430-9f8b-9641897cb342,WOLF,buy,limit,1.0,1.0,27.14,27.36,filled,True,2026-09-25 14:07:13.877479+00:00,2026-09-25 14:07:14.636053+00:00,0b840825-d2e9-48f2-8347-7e92e53973da
94008e86-ba71-4285-842f-fba9732161eb,QCOM,buy,limit,96.0,96.0,199.42,201.18,filled,True,2026-09-25 14:16:29.330485+00:00,2026-09-25 14:16:30.174542+00:00,597ec7b7-e2c9-45ad-afd5-c9daa74225b1
7440cac7-1084-489b-9456-0d2df43f176b,WULF,sell,market,5.0,5.0,15.37,,filled,False,2026-09-25 15:51:52.858069+00:00,2026-09-25 15:51:53.668258+00:00,dd243a45-8df7-47a5-acb9-a72c36b8506f
64c8c5e9-953b-46c5-af40-c0983972560f,SPCE,buy,limit,5364.0,5364.0,3.3,3.3,filled,True,2026-09-25 16:10:27.189489+00:00,2026-09-25 16:21:09.932334+00:00,93489619-8221-4e0d-8ce4-f80983975020
6ba2d509-9b3c-4073-8653-1d8483de4e52,QCOM,sell,market,96.0,0.0,,,canceled,False,2026-09-25 22:18:52.247019+00:00,,7890f9f8-8971-4652-9ec1-6d28696b25ff
b31ab8fa-7efd-4b5e-9192-d5f89658aa8b,SPCE,sell,market,5364.0,0.0,,,canceled,False,2026-09-26 00:34:34.007662+00:00,,3d593eda-c3c4-494a-94ff-0a40ea592630
