symbol,matched,live_entry,bt_entry,entry_gap_min,live_entry_px,bt_entry_px,entry_px_diff_bps,live_exit_px,bt_exit_px,exit_px_diff_bps,live_hold_h,bt_hold_h,live_pnl_pct,bt_pnl_pct
AAPL,False,2026-05-01 14:46:10.033943+00:00,,,,,,,,,,,,
AAPL,False,2026-05-01 14:46:10.033943+00:00,,,,,,,,,,,,
AAPL,False,2026-05-01 14:46:10.689566+00:00,,,,,,,,,,,,
AAPL,False,2026-05-01 14:46:10.689566+00:00,,,,,,,,,,,,
AAPL,False,2026-05-01 14:46:11.283417+00:00,,,,,,,,,,,,
AAPL,False,2026-05-01 14:46:11.663970+00:00,,,,,,,,,,,,
AAPL,False,2026-05-01 14:46:11.663970+00:00,,,,,,,,,,,,
ABBV,True,2026-06-22 13:58:41.310487+00:00,2026-06-22 13:40:00+00:00,-18.688508116666664,226.47,225.0029852769372,-64.7774417389848,253.69,227.6292420595071,-1027.2678442387516,168.69669916527778,10.25,0.1201925199805713,0.0116720975027843
ABBV,False,2026-06-22 13:58:41.816891+00:00,,,,,,,,,,,,
ABBV,False,2026-06-22 13:58:42.386555+00:00,,,,,,,,,,,,
ACHR,False,2026-04-10 13:48:01.994993+00:00,,,,,,,,,,,,
ACHR,False,2026-04-10 13:48:01.994993+00:00,,,,,,,,,,,,
ACHR,False,2026-04-10 13:48:01.994993+00:00,,,,,,,,,,,,
ACHR,False,2026-04-10 13:48:01.994993+00:00,,,,,,,,,,,,
ACHR,False,2026-04-10 13:48:03.432461+00:00,,,,,,,,,,,,
ACHR,False,2026-04-10 13:48:04.500211+00:00,,,,,,,,,,,,
ACHR,False,2026-04-10 13:48:05.373098+00:00,,,,,,,,,,,,
ACHR,False,2026-04-10 13:48:06.217382+00:00,,,,,,,,,,,,
ACHR,False,2026-04-10 13:48:07.746340+00:00,,,,,,,,,,,,
ACHR,False,2026-04-10 13:48:08.533335+00:00,,,,,,,,,,,,
AMAT,True,2026-06-08 13:55:58.057175+00:00,2026-06-08 13:40:00+00:00,-15.967619583333335,483.05,478.8226043252717,-87.51466048500805,539.0,503.6407416153635,-656.0159255034605,75.68521518527777,25.083333333333332,0.1158265189938929,0.0518315907935551
AMAT,False,2026-06-08 13:56:01.741034+00:00,,,,,,,,,,,,
AMAT,False,2026-06-08 13:56:02.535133+00:00,,,,,,,,,,,,
AMAT,False,2026-06-08 13:56:03.004653+00:00,,,,,,,,,,,,
AMAT,False,2026-06-08 13:56:05.783579+00:00,,,,,,,,,,,,
AMAT,False,2026-06-08 13:56:06.265585+00:00,,,,,,,,,,,,
AMAT,False,2026-06-08 14:00:13.531130+00:00,,,,,,,,,,,,
AMAT,False,2026-06-08 14:00:13.969127+00:00,,,,,,,,,,,,
AMAT,True,2026-06-29 14:01:02.999192+00:00,2026-06-29 13:50:00+00:00,-11.049986533333334,658.5,662.0299290355771,53.605604184921546,737.18,694.846750378982,-574.2593345047057,25.10703752083333,8.083333333333334,0.1194836750189824,0.0495699966181459
AMAT,False,2026-06-29 14:01:03.329050+00:00,,,,,,,,,,,,
AMAT,False,2026-06-29 14:01:03.329050+00:00,,,,,,,,,,,,
AMAT,False,2026-06-29 14:01:03.329050+00:00,,,,,,,,,,,,
AMAT,False,2026-06-29 14:01:04.652079+00:00,,,,,,,,,,,,
AMAT,False,2026-06-29 14:01:05.434886+00:00,,,,,,,,,,,,
AMAT,False,2026-06-30 20:20:55.018905+00:00,,,,,,,,,,,,
AMD,True,2026-03-23 13:46:27.281373+00:00,2026-03-23 13:50:00+00:00,3.54531045,206.67,208.04375587420697,66.47098631668737,203.8,202.71404792842003,-53.28518506280577,6.019878450555555,8.083333333333334,-0.0138868727923742,-0.0256182067247887
AMD,False,2026-03-23 13:46:27.281373+00:00,,,,,,,,,,,,
AMD,False,2026-03-23 13:46:27.281373+00:00,,,,,,,,,,,,
AMD,False,2026-03-30 14:06:12.778094+00:00,,,,,,,,,,,,
AMD,False,2026-03-30 14:06:12.778094+00:00,,,,,,,,,,,,
AMD,False,2026-03-30 14:06:12.778094+00:00,,,,,,,,,,,,
AMD,False,2026-04-09 13:57:17.193142+00:00,,,,,,,,,,,,
AMD,False,2026-04-09 13:57:17.193142+00:00,,,,,,,,,,,,
AMD,False,2026-04-09 13:57:17.193142+00:00,,,,,,,,,,,,
AMD,False,2026-04-09 13:57:17.193142+00:00,,,,,,,,,,,,
AMD,False,2026-04-09 13:57:17.193142+00:00,,,,,,,,,,,,
AMD,False,2026-04-09 13:57:17.810717+00:00,,,,,,,,,,,,
AMD,False,2026-04-09 13:57:18.566120+00:00,,,,,,,,,,,,
AMD,False,2026-04-09 13:57:18.873585+00:00,,,,,,,,,,,,
AMD,False,2026-04-24 14:27:59.520355+00:00,,,,,,,,,,,,
AMD,False,2026-04-24 14:27:59.520355+00:00,,,,,,,,,,,,
AMD,False,2026-04-24 14:27:59.520355+00:00,,,,,,,,,,,,
AMD,False,2026-04-24 14:27:59.520355+00:00,,,,,,,,,,,,
AMD,False,2026-04-28 14:45:16.437836+00:00,,,,,,,,,,,,
AMD,False,2026-04-28 14:45:16.896823+00:00,,,,,,,,,,,,
AMD,False,2026-04-28 14:45:17.478800+00:00,,,,,,,,,,,,
AMD,False,2026-04-28 14:45:18.084486+00:00,,,,,,,,,,,,
AMD,False,2026-05-06 10:58:06.262316+00:00,,,,,,,,,,,,
AMD,False,2026-05-06 11:32:28.894862+00:00,,,,,,,,,,,,
AMD,False,2026-05-06 11:32:29.073757+00:00,,,,,,,,,,,,
AMD,False,2026-05-06 11:32:29.341183+00:00,,,,,,,,,,,,
AMD,False,2026-05-06 11:32:29.721686+00:00,,,,,,,,,,,,
AMD,False,2026-05-06 11:32:35.256454+00:00,,,,,,,,,,,,
AMD,False,2026-05-06 11:32:35.712734+00:00,,,,,,,,,,,,
AMD,False,2026-05-07 13:51:47.188536+00:00,,,,,,,,,,,,
AMD,False,2026-05-07 13:51:48.043497+00:00,,,,,,,,,,,,
AMD,False,2026-05-07 13:51:48.043497+00:00,,,,,,,,,,,,
AMD,False,2026-05-07 13:51:48.043497+00:00,,,,,,,,,,,,
AMD,True,2026-05-12 13:45:13.843800+00:00,2026-05-12 13:40:00+00:00,-5.230729999999999,456.62,454.0641696523168,-55.97280775443879,432.51,430.3942396034801,-48.91818447018276,2.2390122658333333,2.9166666666666665,-0.0528010161622355,-0.0521290417320553
AMD,True,2026-05-26 14:08:14.117533+00:00,2026-05-26 14:05:00+00:00,-3.2352922166666667,488.8,493.2044955823739,90.10833842827121,460.51,502.736708255815,916.9552942566943,337.8201455002778,8.083333333333334,-0.0578764320785597,0.0193271001355847
AMD,False,2026-05-26 14:08:14.117533+00:00,,,,,,,,,,,,
AMD,False,2026-05-26 14:08:14.940049+00:00,,,,,,,,,,,,
AMD,False,2026-05-26 14:08:16.523758+00:00,,,,,,,,,,,,
AMD,False,2026-05-26 14:08:16.523758+00:00,,,,,,,,,,,,
AMD,False,2026-05-26 14:08:18.660893+00:00,,,,,,,,,,,,
AMD,True,2026-06-10 13:41:18.210975+00:00,2026-06-10 13:40:00+00:00,-1.3035162500000002,466.43,471.1556001350897,101.31424083120035,454.13,445.2553613903234,-195.4206638996894,5.989474330277778,7.083333333333333,-0.0263705164762129,-0.0549717306497899
AMD,False,2026-06-10 13:41:18.210975+00:00,,,,,,,,,,,,
AMD,False,2026-06-10 13:41:18.745189+00:00,,,,,,,,,,,,
AMD,False,2026-06-10 13:41:25.592705+00:00,,,,,,,,,,,,
AMD,True,2026-06-12 13:45:44.383623+00:00,2026-06-12 13:50:00+00:00,4.26027295,502.19,507.3507572605095,102.76503435969481,563.95,512.4006016989877,-914.0774590125434,433.36218095333334,8.083333333333334,0.1229813417232522,0.009953359418926
AMD,False,2026-06-12 13:45:45.410672+00:00,,,,,,,,,,,,
AMD,False,2026-06-12 13:45:45.410672+00:00,,,,,,,,,,,,
AMD,False,2026-06-12 13:45:45.410672+00:00,,,,,,,,,,,,
AMD,False,2026-06-12 13:45:46.501284+00:00,,,,,,,,,,,,
AMD,False,2026-06-12 13:45:46.501284+00:00,,,,,,,,,,,,
AMZN,False,2026-05-01 14:46:11.617072+00:00,,,,,,,,,,,,
AMZN,False,2026-06-29 20:21:34.003920+00:00,,,,,,,,,,,,
AMZN,False,2026-06-29 20:21:34.198552+00:00,,,,,,,,,,,,
AMZN,False,2026-06-29 20:21:34.527616+00:00,,,,,,,,,,,,
ARM,False,2026-03-09 13:43:44.424821+00:00,,,,,,,,,,,,
ARM,False,2026-03-09 13:43:45.130641+00:00,,,,,,,,,,,,
ARM,False,2026-03-17 13:45:51.165018+00:00,,,,,,,,,,,,
ARM,False,2026-03-17 13:45:52.003493+00:00,,,,,,,,,,,,
ARM,False,2026-03-17 13:45:52.003493+00:00,,,,,,,,,,,,
ARM,False,2026-03-17 13:45:52.391858+00:00,,,,,,,,,,,,
ARM,False,2026-03-17 13:45:52.391858+00:00,,,,,,,,,,,,
ARM,False,2026-03-26 11:08:14.348145+00:00,,,,,,,,,,,,
ARM,False,2026-03-26 11:08:14.653051+00:00,,,,,,,,,,,,
ARM,False,2026-03-26 11:08:14.653051+00:00,,,,,,,,,,,,
ARM,False,2026-03-26 11:08:14.653051+00:00,,,,,,,,,,,,
ARM,False,2026-03-26 11:08:14.875833+00:00,,,,,,,,,,,,
ARM,False,2026-03-26 11:08:14.875833+00:00,,,,,,,,,,,,
ARM,False,2026-03-26 11:08:15.204838+00:00,,,,,,,,,,,,
ARM,True,2026-04-01 13:54:35.872930+00:00,2026-04-01 13:40:00+00:00,-14.597882166666666,157.01,157.1403488960036,8.301948665919134,150.0,148.57078931644566,-95.28071223695633,23.619870769444443,20.083333333333332,-0.044646837781033,-0.0545344314160159
ARM,False,2026-04-01 13:55:05.646574+00:00,,,,,,,,,,,,
ARM,False,2026-04-01 13:55:06.585564+00:00,,,,,,,,,,,,
ARM,False,2026-04-01 13:55:06.934270+00:00,,,,,,,,,,,,
ARM,False,2026-04-08 13:45:12.819708+00:00,,,,,,,,,,,,
ARM,False,2026-04-08 13:45:12.819708+00:00,,,,,,,,,,,,
ARM,True,2026-04-24 14:28:01.741823+00:00,2026-04-24 13:40:00+00:00,-48.02903038333333,227.81,229.70149004813055,83.02928089770201,216.95,234.4454791642172,806.4290926119944,75.32508860972221,8.083333333333334,-0.0476713050348975,0.020652844328927
ARM,False,2026-04-24 14:28:01.741823+00:00,,,,,,,,,,,,
ARM,False,2026-04-24 14:28:01.741823+00:00,,,,,,,,,,,,
ARM,False,2026-05-01 14:49:04.871959+00:00,,,,,,,,,,,,
ARM,False,2026-05-01 14:49:05.834336+00:00,,,,,,,,,,,,
ARM,False,2026-05-01 14:49:06.763414+00:00,,,,,,,,,,,,
ARM,False,2026-05-06 11:23:11.037170+00:00,,,,,,,,,,,,
ARM,True,2026-05-07 13:51:47.540526+00:00,2026-05-07 13:55:00+00:00,3.2076579,221.24,222.67908852161773,65.04648895397395,207.0,210.87199446276276,187.05287259723463,95.64561287277778,3.4166666666666665,-0.0643644910504429,-0.0530229135445232
ARM,False,2026-05-07 13:51:48.391195+00:00,,,,,,,,,,,,
ARM,False,2026-05-07 13:51:48.391195+00:00,,,,,,,,,,,,
ARM,False,2026-05-07 13:51:48.391195+00:00,,,,,,,,,,,,
ARM,False,2026-05-07 13:51:48.391195+00:00,,,,,,,,,,,,
ARM,False,2026-05-07 13:51:48.391195+00:00,,,,,,,,,,,,
ARM,True,2026-05-12 13:57:32.570227+00:00,2026-05-12 14:00:00+00:00,2.4571628833333334,211.59,211.7457896939767,7.362809867039383,242.27,206.77207423809716,-1465.221684975558,191.67588902333335,8.166666666666666,0.1449974006333002,-0.0234890878494809
ARM,False,2026-05-12 13:57:32.570227+00:00,,,,,,,,,,,,
ARM,False,2026-05-12 13:57:33.868030+00:00,,,,,,,,,,,,
ARM,False,2026-05-12 13:57:33.868030+00:00,,,,,,,,,,,,
ARM,False,2026-05-12 13:57:34.449873+00:00,,,,,,,,,,,,
ARM,False,2026-06-01 14:49:14.974539+00:00,,,,,,,,,,,,
ARM,False,2026-06-01 14:49:15.940901+00:00,,,,,,,,,,,,
ARM,False,2026-06-01 14:49:15.940901+00:00,,,,,,,,,,,,
ARM,False,2026-06-11 14:56:42.228333+00:00,,,,,,,,,,,,
ARM,False,2026-06-11 14:56:43.084900+00:00,,,,,,,,,,,,
ARM,False,2026-06-11 14:56:43.084900+00:00,,,,,,,,,,,,
ARM,False,2026-06-11 14:56:48.848429+00:00,,,,,,,,,,,,
ARM,False,2026-06-11 14:56:48.848429+00:00,,,,,,,,,,,,
ARM,False,2026-06-11 14:56:49.315395+00:00,,,,,,,,,,,,
ARM,False,2026-06-11 14:56:49.315395+00:00,,,,,,,,,,,,
ARM,False,2026-06-11 14:56:49.315395+00:00,,,,,,,,,,,,
ARM,False,2026-06-12 15:57:24.467454+00:00,,,,,,,,,,,,
ARM,False,2026-06-12 15:57:24.467454+00:00,,,,,,,,,,,,
ARM,False,2026-08-13 14:54:11.607279+00:00,,,,,,,,,,,,
AVGO,False,2026-04-14 18:42:40.054173+00:00,,,,,,,,,,,,
AVGO,False,2026-04-14 18:42:40.123253+00:00,,,,,,,,,,,,
AVGO,False,2026-04-14 18:42:47.669052+00:00,,,,,,,,,,,,
AVGO,False,2026-04-14 18:42:47.669052+00:00,,,,,,,,,,,,
AVGO,False,2026-05-26 20:20:44.157624+00:00,,,,,,,,,,,,
AVGO,False,2026-05-26 20:20:44.486579+00:00,,,,,,,,,,,,
AVGO,False,2026-05-26 20:20:44.678130+00:00,,,,,,,,,,,,
AVGO,False,2026-05-26 20:20:45.035109+00:00,,,,,,,,,,,,
AVGO,False,2026-05-26 20:20:45.035109+00:00,,,,,,,,,,,,
AVGO,False,2026-05-26 20:20:45.257266+00:00,,,,,,,,,,,,
AVGO,False,2026-06-09 13:42:04.479662+00:00,,,,,,,,,,,,
AVGO,False,2026-06-09 13:42:05.252389+00:00,,,,,,,,,,,,
AVGO,False,2026-06-09 13:42:05.252389+00:00,,,,,,,,,,,,
AVGO,False,2026-06-09 13:42:05.984167+00:00,,,,,,,,,,,,
AVGO,False,2026-06-09 13:42:06.632553+00:00,,,,,,,,,,,,
AVGO,False,2026-06-09 13:42:07.604838+00:00,,,,,,,,,,,,
AVGO,False,2026-06-09 13:42:07.604838+00:00,,,,,,,,,,,,
AVGO,False,2026-06-09 13:42:07.604838+00:00,,,,,,,,,,,,
AVGO,False,2026-06-09 13:42:07.604838+00:00,,,,,,,,,,,,
BTBT,False,2026-05-26 13:47:07.022153+00:00,,,,,,,,,,,,
BULL,False,2026-06-15 13:51:23.462170+00:00,,,,,,,,,,,,
BULL,False,2026-06-15 13:51:23.462170+00:00,,,,,,,,,,,,
CAT,False,2026-06-25 15:15:32.489335+00:00,,,,,,,,,,,,
CAT,False,2026-06-25 15:15:32.518475+00:00,,,,,,,,,,,,
CAT,False,2026-06-25 15:15:33.393464+00:00,,,,,,,,,,,,
CAT,False,2026-06-25 15:15:33.420712+00:00,,,,,,,,,,,,
CAT,False,2026-06-25 15:15:33.420712+00:00,,,,,,,,,,,,
CAT,False,2026-06-25 15:15:34.155418+00:00,,,,,,,,,,,,
CAT,False,2026-06-25 15:15:34.181389+00:00,,,,,,,,,,,,
CAT,False,2026-06-25 15:15:34.484859+00:00,,,,,,,,,,,,
CAT,False,2026-06-25 15:15:34.484859+00:00,,,,,,,,,,,,
CAT,False,2026-06-25 15:16:14.859987+00:00,,,,,,,,,,,,
CIFR,False,2026-03-24 14:16:41.063551+00:00,,,,,,,,,,,,
CIFR,False,2026-03-24 14:16:41.063551+00:00,,,,,,,,,,,,
CIFR,True,2026-04-06 13:51:05.860589+00:00,2026-04-06 13:40:00+00:00,-11.097676483333334,13.48,13.50822532817734,20.938670754703526,12.78,13.305655322507713,411.31089398099647,24.252280030555557,8.083333333333334,-0.0519287833827894,-0.0149960487590533
CIFR,False,2026-04-06 13:51:06.165063+00:00,,,,,,,,,,,,
CIFR,False,2026-04-06 13:51:07.428642+00:00,,,,,,,,,,,,
CIFR,False,2026-04-06 13:51:07.428642+00:00,,,,,,,,,,,,
CIFR,False,2026-04-06 13:51:07.428642+00:00,,,,,,,,,,,,
CIFR,False,2026-04-06 13:51:07.428642+00:00,,,,,,,,,,,,
CIFR,False,2026-04-06 13:51:07.428642+00:00,,,,,,,,,,,,
CIFR,False,2026-04-06 13:51:07.787691+00:00,,,,,,,,,,,,
CIFR,False,2026-04-06 13:51:08.397987+00:00,,,,,,,,,,,,
CIFR,False,2026-04-06 13:51:08.397987+00:00,,,,,,,,,,,,
CIFR,False,2026-04-06 13:51:08.397987+00:00,,,,,,,,,,,,
CIFR,True,2026-04-09 14:01:26.828581+00:00,2026-04-09 13:50:00+00:00,-11.447143016666667,15.68,15.683969516241213,2.531579235467475,17.71,16.31331230447175,-788.6435322011575,101.30029393305556,8.083333333333334,0.1294642857142857,0.0401264990714777
CIFR,False,2026-04-09 14:01:26.828581+00:00,,,,,,,,,,,,
CIFR,False,2026-04-09 14:01:27.284794+00:00,,,,,,,,,,,,
CIFR,False,2026-04-09 14:01:28.353250+00:00,,,,,,,,,,,,
CIFR,False,2026-05-05 14:15:24.138828+00:00,,,,,,,,,,,,
CIFR,False,2026-05-05 14:15:24.858106+00:00,,,,,,,,,,,,
CIFR,False,2026-05-05 14:15:25.475093+00:00,,,,,,,,,,,,
CIFR,False,2026-06-03 13:45:33.205249+00:00,,,,,,,,,,,,
CIFR,False,2026-06-03 13:45:35.525772+00:00,,,,,,,,,,,,
CIFR,False,2026-06-03 13:45:35.525772+00:00,,,,,,,,,,,,
CIFR,False,2026-06-03 13:45:36.217296+00:00,,,,,,,,,,,,
CIFR,False,2026-06-03 13:45:36.217296+00:00,,,,,,,,,,,,
CIFR,False,2026-06-03 13:45:38.691230+00:00,,,,,,,,,,,,
CIFR,False,2026-06-04 13:37:07.135483+00:00,,,,,,,,,,,,
CIFR,False,2026-06-04 13:37:41.420755+00:00,,,,,,,,,,,,
CIFR,False,2026-06-04 13:37:41.420755+00:00,,,,,,,,,,,,
CIFR,False,2026-06-04 13:37:41.420755+00:00,,,,,,,,,,,,
CIFR,False,2026-06-04 13:37:52.493773+00:00,,,,,,,,,,,,
CIFR,False,2026-06-04 13:37:52.493773+00:00,,,,,,,,,,,,
CLSK,False,2026-03-13 14:52:53.834405+00:00,,,,,,,,,,,,
CLSK,False,2026-03-13 14:52:53.834405+00:00,,,,,,,,,,,,
CLSK,False,2026-03-24 13:51:31.561510+00:00,,,,,,,,,,,,
CLSK,False,2026-03-24 13:51:31.863347+00:00,,,,,,,,,,,,
CLSK,False,2026-03-24 13:51:32.250766+00:00,,,,,,,,,,,,
CLSK,False,2026-03-24 13:51:32.768460+00:00,,,,,,,,,,,,
CLSK,False,2026-03-26 14:03:21.484011+00:00,,,,,,,,,,,,
CLSK,False,2026-04-06 14:01:11.405843+00:00,,,,,,,,,,,,
CLSK,False,2026-04-06 14:01:11.405843+00:00,,,,,,,,,,,,
CLSK,False,2026-04-06 14:01:11.405843+00:00,,,,,,,,,,,,
CLSK,False,2026-04-06 14:01:12.058266+00:00,,,,,,,,,,,,
CLSK,False,2026-04-06 14:01:12.058266+00:00,,,,,,,,,,,,
CLSK,False,2026-04-06 14:01:12.890004+00:00,,,,,,,,,,,,
CLSK,False,2026-04-06 14:01:13.255655+00:00,,,,,,,,,,,,
CLSK,False,2026-04-06 14:01:13.255655+00:00,,,,,,,,,,,,
CLSK,False,2026-04-06 14:01:17.651051+00:00,,,,,,,,,,,,
CLSK,False,2026-04-06 14:01:49.751204+00:00,,,,,,,,,,,,
CLSK,True,2026-04-09 13:51:56.253678+00:00,2026-04-09 13:40:00+00:00,-11.9375613,9.85,10.018109269387873,170.66930902322153,11.56,10.177139754046292,-1196.2458875032075,121.15839972138888,8.083333333333334,0.1736040609137056,0.015874301266045
CLSK,False,2026-04-09 13:51:56.253678+00:00,,,,,,,,,,,,
CLSK,False,2026-04-09 13:51:56.253678+00:00,,,,,,,,,,,,
CLSK,False,2026-04-09 13:51:56.253678+00:00,,,,,,,,,,,,
CLSK,True,2026-05-05 13:59:45.098617+00:00,2026-05-05 13:40:00+00:00,-19.75164361666667,13.28,13.306063898363002,19.626429490212637,14.9,14.052725904372018,-568.6403326362299,145.49928618972223,47.916666666666664,0.121987951807229,0.056114416082195
CLSK,False,2026-05-05 13:59:45.772047+00:00,,,,,,,,,,,,
CLSK,False,2026-05-05 13:59:46.093953+00:00,,,,,,,,,,,,
CLSK,False,2026-05-05 13:59:46.093953+00:00,,,,,,,,,,,,
CLSK,False,2026-05-05 13:59:46.866066+00:00,,,,,,,,,,,,
CLSK,False,2026-05-05 13:59:46.866066+00:00,,,,,,,,,,,,
CLSK,False,2026-05-05 13:59:46.866066+00:00,,,,,,,,,,,,
CLSK,False,2026-05-05 13:59:46.866066+00:00,,,,,,,,,,,,
CLSK,False,2026-05-05 13:59:46.866066+00:00,,,,,,,,,,,,
CLSK,False,2026-05-05 13:59:46.866066+00:00,,,,,,,,,,,,
CLSK,True,2026-05-19 13:46:06.537012+00:00,2026-05-19 13:45:00+00:00,-1.1089502,13.39,13.472425609387948,61.557587294956654,15.26,14.714463038562872,-357.49473226548326,23.866881853888888,8.083333333333334,0.1396564600448095,0.0921910771813384
CLSK,False,2026-05-19 13:46:06.537012+00:00,,,,,,,,,,,,
CLSK,False,2026-05-19 13:46:06.537012+00:00,,,,,,,,,,,,
CLSK,False,2026-05-19 13:46:06.537012+00:00,,,,,,,,,,,,
CLSK,False,2026-05-19 13:46:06.537012+00:00,,,,,,,,,,,,
CLSK,False,2026-05-22 14:10:15.750314+00:00,,,,,,,,,,,,
CLSK,False,2026-05-22 14:10:16.053533+00:00,,,,,,,,,,,,
CLSK,False,2026-05-22 14:10:28.249410+00:00,,,,,,,,,,,,
CLSK,False,2026-05-22 14:10:29.076541+00:00,,,,,,,,,,,,
CLSK,False,2026-05-22 14:10:29.076541+00:00,,,,,,,,,,,,
CLSK,True,2026-06-08 14:01:18.891702+00:00,2026-06-08 13:50:00+00:00,-11.3148617,15.74,16.23356356876505,313.5727882878331,14.94,16.538812410135048,1070.1555623393897,53.289703581388885,8.083333333333334,-0.0508259212198221,0.0188035633751622
CLSK,False,2026-06-08 14:01:18.891702+00:00,,,,,,,,,,,,
CLSK,False,2026-06-08 14:01:18.891702+00:00,,,,,,,,,,,,
CLSK,False,2026-06-08 14:01:19.761504+00:00,,,,,,,,,,,,
CLSK,False,2026-06-08 14:01:20.056304+00:00,,,,,,,,,,,,
CLSK,False,2026-06-08 14:01:20.730921+00:00,,,,,,,,,,,,
CLSK,False,2026-06-08 14:01:21.425500+00:00,,,,,,,,,,,,
CLSK,False,2026-08-11 13:42:17.076792+00:00,,,,,,,,,,,,
COIN,False,2026-03-09 13:53:20.327561+00:00,,,,,,,,,,,,
COIN,False,2026-03-09 13:53:20.816163+00:00,,,,,,,,,,,,
COIN,False,2026-03-09 13:53:20.816163+00:00,,,,,,,,,,,,
COIN,False,2026-03-09 13:53:20.816163+00:00,,,,,,,,,,,,
COIN,False,2026-03-09 13:53:20.816163+00:00,,,,,,,,,,,,
COIN,False,2026-03-09 13:53:20.816163+00:00,,,,,,,,,,,,
COIN,False,2026-03-09 13:53:20.816163+00:00,,,,,,,,,,,,
COIN,False,2026-04-08 13:45:12.886434+00:00,,,,,,,,,,,,
COIN,False,2026-04-08 13:45:12.886434+00:00,,,,,,,,,,,,
COIN,False,2026-04-08 13:45:12.886434+00:00,,,,,,,,,,,,
COIN,False,2026-04-08 13:45:12.886434+00:00,,,,,,,,,,,,
COIN,False,2026-04-08 13:45:12.886434+00:00,,,,,,,,,,,,
COIN,False,2026-04-14 18:01:05.042657+00:00,,,,,,,,,,,,
COIN,False,2026-04-14 18:01:05.042657+00:00,,,,,,,,,,,,
COIN,False,2026-04-14 18:01:05.042657+00:00,,,,,,,,,,,,
COIN,False,2026-04-22 15:31:01.623208+00:00,,,,,,,,,,,,
COIN,False,2026-04-22 15:31:01.623208+00:00,,,,,,,,,,,,
COIN,False,2026-05-04 17:05:21.982251+00:00,,,,,,,,,,,,
COIN,False,2026-05-04 17:05:21.982251+00:00,,,,,,,,,,,,
COIN,False,2026-05-04 17:05:21.982251+00:00,,,,,,,,,,,,
COIN,False,2026-05-04 17:05:21.982251+00:00,,,,,,,,,,,,
COIN,False,2026-05-04 17:05:21.982251+00:00,,,,,,,,,,,,
COIN,False,2026-05-04 17:05:21.982251+00:00,,,,,,,,,,,,
COIN,False,2026-05-04 17:05:21.982251+00:00,,,,,,,,,,,,
COIN,False,2026-05-04 17:05:21.982251+00:00,,,,,,,,,,,,
COIN,False,2026-06-09 14:14:11.380741+00:00,,,,,,,,,,,,
COP,True,2026-05-06 13:52:33.195770+00:00,2026-05-06 13:40:00+00:00,-12.553262833333333,119.02,117.46666324190733,-130.51056613112664,112.93,121.41012399940752,750.9186221028522,553.2758664950001,282.4166666666667,-0.0511678709460593,0.0335708927849526
COP,False,2026-05-06 13:52:34.593942+00:00,,,,,,,,,,,,
COP,False,2026-05-06 13:52:35.121961+00:00,,,,,,,,,,,,
CORZ,False,2026-04-01 13:59:47.982770+00:00,,,,,,,,,,,,
CORZ,False,2026-04-01 13:59:48.535646+00:00,,,,,,,,,,,,
CORZ,False,2026-04-01 13:59:48.535646+00:00,,,,,,,,,,,,
CORZ,False,2026-04-01 13:59:49.353340+00:00,,,,,,,,,,,,
CORZ,False,2026-04-01 14:02:24.934801+00:00,,,,,,,,,,,,
CORZ,False,2026-04-01 14:02:24.934801+00:00,,,,,,,,,,,,
CORZ,False,2026-04-01 14:02:24.934801+00:00,,,,,,,,,,,,
CORZ,False,2026-04-01 14:02:24.934801+00:00,,,,,,,,,,,,
CORZ,False,2026-04-01 14:02:25.844975+00:00,,,,,,,,,,,,
CORZ,False,2026-04-01 14:02:25.844975+00:00,,,,,,,,,,,,
CORZ,False,2026-04-01 14:02:25.844975+00:00,,,,,,,,,,,,
CORZ,False,2026-05-13 13:43:02.817381+00:00,,,,,,,,,,,,
CORZ,False,2026-05-13 13:43:02.817381+00:00,,,,,,,,,,,,
CORZ,False,2026-05-13 13:43:02.817381+00:00,,,,,,,,,,,,
CORZ,False,2026-05-21 13:47:02.198353+00:00,,,,,,,,,,,,
CORZ,False,2026-05-21 13:47:02.454469+00:00,,,,,,,,,,,,
CORZ,False,2026-05-21 13:47:02.454469+00:00,,,,,,,,,,,,
CORZ,False,2026-05-21 13:47:03.422032+00:00,,,,,,,,,,,,
CORZ,False,2026-05-21 13:47:04.218586+00:00,,,,,,,,,,,,
CORZ,False,2026-06-11 18:07:22.998786+00:00,,,,,,,,,,,,
CORZ,True,2026-06-23 13:56:35.646017+00:00,2026-06-23 13:40:00+00:00,-16.594100283333333,28.79,28.47296348531969,-110.12035938878454,27.3,29.10382571069079,660.7420185680542,27.60252197388889,22.166666666666668,-0.0517540812782215,0.0221565354690376
CORZ,False,2026-06-23 13:56:39.522289+00:00,,,,,,,,,,,,
CORZ,False,2026-06-23 13:56:40.460598+00:00,,,,,,,,,,,,
CORZ,False,2026-06-23 13:56:41.050571+00:00,,,,,,,,,,,,
CORZ,False,2026-06-23 13:56:41.699232+00:00,,,,,,,,,,,,
CORZ,False,2026-06-25 16:30:55.384498+00:00,,,,,,,,,,,,
CORZ,False,2026-06-25 16:30:55.384498+00:00,,,,,,,,,,,,
CORZ,False,2026-06-25 16:30:55.384498+00:00,,,,,,,,,,,,
CORZ,False,2026-06-25 16:30:55.384498+00:00,,,,,,,,,,,,
CORZ,False,2026-06-25 16:30:55.384498+00:00,,,,,,,,,,,,
ENPH,True,2026-05-12 17:30:01.556989+00:00,2026-05-12 17:20:00+00:00,-10.025949816666667,36.51,36.70727993636845,54.03449366432566,41.26,41.767695481542994,123.0478627103722,20.94036927222222,21.833333333333332,0.1301013420980553,0.1378586360511239
ENPH,False,2026-05-12 17:30:02.277203+00:00,,,,,,,,,,,,
ENPH,False,2026-05-12 17:30:02.667710+00:00,,,,,,,,,,,,
ENPH,False,2026-05-21 13:47:23.079688+00:00,,,,,,,,,,,,
ENPH,False,2026-05-21 13:47:23.079688+00:00,,,,,,,,,,,,
ENPH,False,2026-05-21 13:47:23.721044+00:00,,,,,,,,,,,,
ENPH,False,2026-05-21 13:47:24.654638+00:00,,,,,,,,,,,,
ENPH,False,2026-05-21 13:47:25.517713+00:00,,,,,,,,,,,,
ENPH,False,2026-05-21 13:47:26.176010+00:00,,,,,,,,,,,,
ENPH,True,2026-05-27 13:46:51.812861+00:00,2026-05-27 14:30:00+00:00,43.13645231666667,68.51,69.94789326379616,209.88078584092182,63.17,70.81645353697125,1210.4564725298799,119.86472634138887,8.083333333333334,-0.0779448255729091,0.0124172470770416
ENPH,False,2026-05-27 13:46:51.812861+00:00,,,,,,,,,,,,
ENPH,True,2026-06-22 16:26:14.349348+00:00,2026-06-22 16:05:00+00:00,-21.2391558,54.06,54.20266096263811,26.389375256772247,50.28,51.01073097902556,145.33233473062026,21.09660701138889,16.0,-0.0699223085460599,-0.0588888059538765
ENPH,False,2026-06-22 16:26:14.380238+00:00,,,,,,,,,,,,
ENPH,False,2026-06-22 16:26:14.897116+00:00,,,,,,,,,,,,
ENPH,False,2026-06-22 16:26:15.752414+00:00,,,,,,,,,,,,
ENPH,False,2026-06-22 16:26:16.390487+00:00,,,,,,,,,,,,
ENPH,False,2026-06-22 16:26:16.567560+00:00,,,,,,,,,,,,
ENPH,False,2026-06-22 16:26:17.224245+00:00,,,,,,,,,,,,
ENPH,False,2026-06-22 16:26:18.271054+00:00,,,,,,,,,,,,
FANG,False,2026-05-06 13:45:43.771118+00:00,,,,,,,,,,,,
FNGU,False,2026-03-09 13:53:21.031106+00:00,,,,,,,,,,,,
FNGU,False,2026-03-09 13:53:21.835643+00:00,,,,,,,,,,,,
FNGU,False,2026-03-09 13:53:22.415181+00:00,,,,,,,,,,,,
FNGU,False,2026-05-01 14:50:13.369397+00:00,,,,,,,,,,,,
FNGU,False,2026-06-10 13:39:36.252415+00:00,,,,,,,,,,,,
FNGU,False,2026-06-10 13:39:36.560933+00:00,,,,,,,,,,,,
FNGU,False,2026-06-10 13:39:37.044836+00:00,,,,,,,,,,,,
FNGU,False,2026-06-10 13:39:37.835339+00:00,,,,,,,,,,,,
FNGU,False,2026-06-10 13:39:37.835339+00:00,,,,,,,,,,,,
FNGU,False,2026-06-10 13:39:43.876250+00:00,,,,,,,,,,,,
FNGU,False,2026-06-10 13:39:43.876250+00:00,,,,,,,,,,,,
HOOD,False,2026-03-09 13:47:24.975105+00:00,,,,,,,,,,,,
HOOD,False,2026-03-09 13:47:25.485950+00:00,,,,,,,,,,,,
HOOD,False,2026-03-09 13:47:26.385139+00:00,,,,,,,,,,,,
HOOD,False,2026-03-25 13:46:03.747709+00:00,,,,,,,,,,,,
HOOD,False,2026-03-25 13:46:04.396400+00:00,,,,,,,,,,,,
HOOD,False,2026-04-08 13:45:14.127746+00:00,,,,,,,,,,,,
HOOD,False,2026-04-08 13:45:14.923066+00:00,,,,,,,,,,,,
HOOD,False,2026-04-08 13:45:15.945494+00:00,,,,,,,,,,,,
HOOD,False,2026-04-08 13:45:17.337428+00:00,,,,,,,,,,,,
HOOD,False,2026-05-04 22:02:42.710638+00:00,,,,,,,,,,,,
HOOD,False,2026-05-04 22:02:42.710638+00:00,,,,,,,,,,,,
HOOD,False,2026-05-04 22:02:42.710638+00:00,,,,,,,,,,,,
HOOD,False,2026-05-04 22:02:42.710638+00:00,,,,,,,,,,,,
HOOD,False,2026-06-15 13:45:04.332929+00:00,,,,,,,,,,,,
HOOD,False,2026-06-15 13:45:05.573377+00:00,,,,,,,,,,,,
HOOD,False,2026-06-15 13:45:05.573377+00:00,,,,,,,,,,,,
HOOD,False,2026-06-15 13:45:05.573377+00:00,,,,,,,,,,,,
HOOD,False,2026-06-15 13:45:05.573377+00:00,,,,,,,,,,,,
HOOD,False,2026-06-23 16:45:44.878660+00:00,,,,,,,,,,,,
HOOD,False,2026-06-23 16:45:44.878660+00:00,,,,,,,,,,,,
HOOD,False,2026-06-23 16:45:45.203148+00:00,,,,,,,,,,,,
HOOD,False,2026-06-23 16:45:45.203148+00:00,,,,,,,,,,,,
HOOD,False,2026-06-29 13:40:11.192502+00:00,,,,,,,,,,,,
HOOD,False,2026-06-29 13:40:12.496732+00:00,,,,,,,,,,,,
HOOD,False,2026-06-29 13:40:12.496732+00:00,,,,,,,,,,,,
HOOD,False,2026-06-29 13:40:12.496732+00:00,,,,,,,,,,,,
HOOD,False,2026-06-29 13:40:12.496732+00:00,,,,,,,,,,,,
HUT,True,2026-03-31 13:45:40.893536+00:00,2026-03-31 13:40:00+00:00,-5.681558933333333,44.18,44.11110519173975,-15.59411685383579,49.41,47.07246649905493,-473.0891521847933,26.193918871388888,10.25,0.1183793571751923,0.067134144439204
HUT,False,2026-03-31 13:45:40.893536+00:00,,,,,,,,,,,,
HUT,False,2026-03-31 14:51:23.145685+00:00,,,,,,,,,,,,
HUT,False,2026-03-31 14:51:23.552101+00:00,,,,,,,,,,,,
HUT,False,2026-03-31 14:51:24.374959+00:00,,,,,,,,,,,,
HUT,True,2026-04-08 13:51:46.602076+00:00,2026-04-08 13:40:00+00:00,-11.776701266666667,58.73,58.83166923574072,17.311295035028486,65.99,60.98687488474955,-758.1641332399528,24.06523373361111,4.916666666666667,0.1236165503150008,0.0366334268091703
HUT,False,2026-04-08 13:51:46.602076+00:00,,,,,,,,,,,,
HUT,False,2026-04-08 13:51:46.865241+00:00,,,,,,,,,,,,
HUT,False,2026-04-08 13:51:47.422350+00:00,,,,,,,,,,,,
HUT,False,2026-04-08 13:51:47.422350+00:00,,,,,,,,,,,,
HUT,False,2026-04-10 16:39:05.728304+00:00,,,,,,,,,,,,
HUT,False,2026-04-10 17:08:33.852670+00:00,,,,,,,,,,,,
HUT,False,2026-04-10 17:08:33.852670+00:00,,,,,,,,,,,,
HUT,False,2026-04-10 17:08:34.663889+00:00,,,,,,,,,,,,
HUT,False,2026-04-10 17:08:34.663889+00:00,,,,,,,,,,,,
HUT,False,2026-04-10 17:08:34.663889+00:00,,,,,,,,,,,,
HUT,False,2026-04-10 17:08:34.663889+00:00,,,,,,,,,,,,
HUT,False,2026-04-10 17:08:34.663889+00:00,,,,,,,,,,,,
HUT,False,2026-04-10 17:08:34.663889+00:00,,,,,,,,,,,,
HUT,True,2026-05-20 13:45:17.242061+00:00,2026-05-20 13:40:00+00:00,-5.287367683333333,96.89,96.72233688766146,-17.304480579889027,108.21,101.62557577457991,-608.4857430385435,53.21637905,47.916666666666664,0.1168335225513468,0.0506939663028752
HUT,False,2026-05-20 13:47:13.663425+00:00,,,,,,,,,,,,
HUT,False,2026-05-20 13:47:13.663425+00:00,,,,,,,,,,,,
HUT,False,2026-05-20 13:47:14.914002+00:00,,,,,,,,,,,,
HUT,False,2026-05-20 13:47:14.914002+00:00,,,,,,,,,,,,
HUT,False,2026-05-20 13:47:15.638128+00:00,,,,,,,,,,,,
HUT,False,2026-05-20 13:47:16.216718+00:00,,,,,,,,,,,,
HUT,False,2026-05-20 13:47:17.185554+00:00,,,,,,,,,,,,
HUT,False,2026-05-20 13:47:17.864889+00:00,,,,,,,,,,,,
HUT,False,2026-05-20 13:47:18.611710+00:00,,,,,,,,,,,,
HUT,False,2026-05-20 13:47:18.913632+00:00,,,,,,,,,,,,
HUT,False,2026-05-26 18:37:41.820732+00:00,,,,,,,,,,,,
HUT,False,2026-05-26 18:37:41.820732+00:00,,,,,,,,,,,,
HUT,False,2026-05-26 18:37:42.366717+00:00,,,,,,,,,,,,
HUT,False,2026-05-26 18:37:42.366717+00:00,,,,,,,,,,,,
HUT,False,2026-05-26 18:37:42.946759+00:00,,,,,,,,,,,,
HUT,False,2026-05-26 18:37:44.007212+00:00,,,,,,,,,,,,
HUT,False,2026-05-26 18:37:44.591021+00:00,,,,,,,,,,,,
HUT,False,2026-05-26 18:37:45.703811+00:00,,,,,,,,,,,,
HUT,False,2026-06-23 18:44:04.777721+00:00,,,,,,,,,,,,
HUT,False,2026-06-23 18:44:04.882612+00:00,,,,,,,,,,,,
HUT,False,2026-06-23 18:44:05.635738+00:00,,,,,,,,,,,,
HUT,False,2026-06-23 18:44:06.461719+00:00,,,,,,,,,,,,
HUT,False,2026-06-23 18:44:07.085211+00:00,,,,,,,,,,,,
IONQ,False,2026-03-10 18:41:23.438623+00:00,,,,,,,,,,,,
IONQ,False,2026-03-10 18:41:23.438623+00:00,,,,,,,,,,,,
IONQ,False,2026-03-10 18:41:23.438623+00:00,,,,,,,,,,,,
IONQ,True,2026-04-06 13:51:02.805808+00:00,2026-04-06 13:40:00+00:00,-11.046763466666667,30.05,30.219490187094294,56.40272449061349,28.3,29.279117725798937,345.9779949819562,23.746046076111114,8.083333333333334,-0.0582362728785357,-0.0311180782823714
IONQ,False,2026-04-06 13:51:02.805808+00:00,,,,,,,,,,,,
IONQ,False,2026-04-06 13:51:03.739487+00:00,,,,,,,,,,,,
IONQ,True,2026-04-28 14:45:16.681862+00:00,2026-04-28 13:55:00+00:00,-50.278031033333335,43.67,43.10201088784652,-130.06391393484856,41.07,43.148249842102906,506.02625812099006,26.926080386944445,8.083333333333334,-0.0595374398900847,0.0010727795131578
IONQ,False,2026-04-28 14:45:17.274124+00:00,,,,,,,,,,,,
IONQ,False,2026-04-28 14:45:17.274124+00:00,,,,,,,,,,,,
IONQ,False,2026-04-28 14:45:17.905707+00:00,,,,,,,,,,,,
IONQ,False,2026-05-04 17:48:17.878736+00:00,,,,,,,,,,,,
IONQ,False,2026-05-04 17:48:18.247664+00:00,,,,,,,,,,,,
IONQ,False,2026-05-04 17:48:18.964072+00:00,,,,,,,,,,,,
IONQ,False,2026-05-04 17:48:19.283001+00:00,,,,,,,,,,,,
IONQ,False,2026-05-04 17:48:19.968051+00:00,,,,,,,,,,,,
IONQ,False,2026-05-04 17:48:19.968051+00:00,,,,,,,,,,,,
IONQ,False,2026-05-07 14:24:54.157164+00:00,,,,,,,,,,,,
IONQ,False,2026-05-07 14:24:54.157164+00:00,,,,,,,,,,,,
IONQ,False,2026-05-07 14:24:54.157164+00:00,,,,,,,,,,,,
IONQ,False,2026-05-07 14:24:54.157164+00:00,,,,,,,,,,,,
IONQ,False,2026-05-07 14:24:54.157164+00:00,,,,,,,,,,,,
IONQ,False,2026-05-07 14:24:54.157164+00:00,,,,,,,,,,,,
IONQ,True,2026-05-14 13:53:35.774362+00:00,2026-05-14 13:45:00+00:00,-8.596239366666667,54.95,55.93251731289164,178.80205876098952,52.09,52.34566245092199,49.080908220769565,23.776523007777776,23.833333333333332,-0.0520473157415832,-0.0641282573052175
IONQ,False,2026-05-14 13:53:35.774362+00:00,,,,,,,,,,,,
IONQ,False,2026-06-02 13:50:09.794501+00:00,,,,,,,,,,,,
IONQ,False,2026-06-02 13:50:09.794501+00:00,,,,,,,,,,,,
IONQ,True,2026-06-08 14:02:57.108372+00:00,2026-06-08 13:50:00+00:00,-12.9518062,61.03,61.112212159242674,13.470778181660258,57.73,62.71013397594928,862.6596182139765,24.739971394166663,8.083333333333334,-0.0540717679829592,0.0261473404455207
IONQ,False,2026-06-08 14:02:57.108372+00:00,,,,,,,,,,,,
IONQ,False,2026-06-08 14:02:57.108372+00:00,,,,,,,,,,,,
IONQ,False,2026-06-08 14:02:57.108372+00:00,,,,,,,,,,,,
IONQ,False,2026-06-08 14:02:57.108372+00:00,,,,,,,,,,,,
IONQ,False,2026-06-08 14:02:57.502426+00:00,,,,,,,,,,,,
IONQ,False,2026-06-08 14:02:58.132454+00:00,,,,,,,,,,,,
IONQ,True,2026-06-23 13:49:19.672273+00:00,2026-06-23 13:40:00+00:00,-9.327871216666667,59.86,60.93112990429283,178.93917545820776,56.79,57.68518616075915,157.63094924443607,4.950691535833333,3.25,-0.051286334781156,-0.0532723379433833
IONQ,False,2026-06-23 13:49:20.371372+00:00,,,,,,,,,,,,
IONQ,False,2026-06-23 13:49:21.026638+00:00,,,,,,,,,,,,
IONQ,True,2026-06-29 14:07:18.273183+00:00,2026-06-29 13:55:00+00:00,-12.30455305,51.08,51.83066196843878,146.9580987546563,48.44,53.5952783983144,1064.2606107172587,76.96574555333333,8.083333333333334,-0.0516836335160532,0.0340458015170661
IONQ,False,2026-06-29 14:07:19.441630+00:00,,,,,,,,,,,,
IONQ,False,2026-06-29 14:07:19.441630+00:00,,,,,,,,,,,,
IREN,False,2026-03-11 15:10:59.078969+00:00,,,,,,,,,,,,
IREN,False,2026-03-11 15:10:59.832098+00:00,,,,,,,,,,,,
IREN,False,2026-03-11 15:11:00.749172+00:00,,,,,,,,,,,,
IREN,False,2026-03-31 13:45:40.604429+00:00,,,,,,,,,,,,
IREN,False,2026-03-31 13:45:40.604429+00:00,,,,,,,,,,,,
IREN,False,2026-03-31 13:45:41.249333+00:00,,,,,,,,,,,,
IREN,False,2026-03-31 13:45:41.852388+00:00,,,,,,,,,,,,
IREN,False,2026-03-31 13:45:41.852388+00:00,,,,,,,,,,,,
IREN,False,2026-03-31 13:45:41.852388+00:00,,,,,,,,,,,,
IREN,False,2026-03-31 13:45:42.355180+00:00,,,,,,,,,,,,
IREN,False,2026-05-04 18:18:32.235469+00:00,,,,,,,,,,,,
IREN,False,2026-05-04 18:18:32.848104+00:00,,,,,,,,,,,,
IREN,False,2026-05-08 13:35:49.047771+00:00,,,,,,,,,,,,
IREN,False,2026-05-08 13:35:49.283629+00:00,,,,,,,,,,,,
IREN,False,2026-05-08 13:35:49.283629+00:00,,,,,,,,,,,,
IREN,True,2026-05-12 13:16:31.911598+00:00,2026-05-12 13:45:00+00:00,28.468140033333334,54.97,56.17489446345722,219.19127950831768,52.16,53.1564597139594,191.03905559037642,144.3535146672222,3.1666666666666665,-0.0511187920684009,-0.0537328067694255
IREN,False,2026-05-12 13:16:31.911598+00:00,,,,,,,,,,,,
IREN,False,2026-05-12 13:16:31.911598+00:00,,,,,,,,,,,,
IREN,False,2026-05-12 13:16:31.911598+00:00,,,,,,,,,,,,
IREN,True,2026-08-11 14:19:46.239855+00:00,2026-08-11 14:00:00+00:00,-19.77066425,40.39,40.41972565183473,7.359656309663551,42.35,41.107548182535005,-293.3770525301053,24.238150538055557,8.083333333333334,0.048526863084922,0.0170170014666849
IREN,False,2026-08-11 14:19:47.056374+00:00,,,,,,,,,,,,
IREN,False,2026-08-11 14:19:47.056374+00:00,,,,,,,,,,,,
IREN,False,2026-08-11 14:19:47.056374+00:00,,,,,,,,,,,,
IREN,False,2026-08-11 14:19:48.021447+00:00,,,,,,,,,,,,
IREN,False,2026-08-11 14:19:49.354166+00:00,,,,,,,,,,,,
IREN,False,2026-08-11 14:19:50.102364+00:00,,,,,,,,,,,,
IREN,False,2026-08-11 14:19:50.745494+00:00,,,,,,,,,,,,
IREN,False,2026-08-11 14:19:51.463989+00:00,,,,,,,,,,,,
IREN,True,2026-08-18 13:50:03.227352+00:00,2026-08-18 13:40:00+00:00,-10.0537892,43.95,44.91357667051664,219.24383857033845,41.73,42.57037113832337,201.3829710815648,5.539049596388889,1.1666666666666667,-0.0505119453924916,-0.0521714302421936
IREN,False,2026-08-18 13:50:03.227352+00:00,,,,,,,,,,,,
IREN,False,2026-08-18 13:50:03.227352+00:00,,,,,,,,,,,,
IREN,False,2026-08-18 13:50:03.227352+00:00,,,,,,,,,,,,
IREN,False,2026-08-18 13:50:03.227352+00:00,,,,,,,,,,,,
IREN,False,2026-08-18 13:50:03.227352+00:00,,,,,,,,,,,,
IREN,False,2026-08-18 13:50:03.227352+00:00,,,,,,,,,,,,
JOBY,True,2026-08-11 13:52:00.078266+00:00,2026-08-11 14:35:00+00:00,42.99869556666667,8.76,8.722305627335986,-43.030105780837374,8.31,8.399532944578274,107.74120887878885,3.5170903441666668,8.083333333333334,-0.0513698630136985,-0.0370054314247063
JOBY,False,2026-08-11 13:52:00.442201+00:00,,,,,,,,,,,,
LCID,False,2026-03-25 13:45:45.752882+00:00,,,,,,,,,,,,
LCID,False,2026-03-25 13:45:45.752882+00:00,,,,,,,,,,,,
LCID,False,2026-04-21 18:51:34.995620+00:00,,,,,,,,,,,,
LCID,False,2026-04-21 18:51:34.995620+00:00,,,,,,,,,,,,
LCID,False,2026-04-21 18:51:34.995620+00:00,,,,,,,,,,,,
LCID,False,2026-04-21 18:51:35.805350+00:00,,,,,,,,,,,,
LCID,False,2026-04-21 18:51:36.101243+00:00,,,,,,,,,,,,
LCID,False,2026-04-21 18:51:36.101243+00:00,,,,,,,,,,,,
LCID,False,2026-04-21 18:51:36.694629+00:00,,,,,,,,,,,,
LCID,False,2026-04-21 18:51:36.694629+00:00,,,,,,,,,,,,
LCID,False,2026-04-21 18:51:36.694629+00:00,,,,,,,,,,,,
LCID,False,2026-04-21 18:51:36.694629+00:00,,,,,,,,,,,,
LCID,False,2026-05-06 11:38:51.846279+00:00,,,,,,,,,,,,
LCID,False,2026-05-06 11:39:03.643464+00:00,,,,,,,,,,,,
LCID,False,2026-05-06 11:39:03.643464+00:00,,,,,,,,,,,,
LCID,False,2026-05-06 11:39:03.962838+00:00,,,,,,,,,,,,
LCID,False,2026-05-06 11:39:04.146715+00:00,,,,,,,,,,,,
LCID,False,2026-05-06 11:39:04.146715+00:00,,,,,,,,,,,,
LCID,False,2026-05-06 11:39:04.146715+00:00,,,,,,,,,,,,
LCID,False,2026-05-06 11:39:04.427092+00:00,,,,,,,,,,,,
LCID,False,2026-05-06 11:39:04.752391+00:00,,,,,,,,,,,,
LCID,False,2026-05-06 11:39:04.752391+00:00,,,,,,,,,,,,
LCID,False,2026-05-06 11:39:04.752391+00:00,,,,,,,,,,,,
LCID,False,2026-05-06 11:39:04.752391+00:00,,,,,,,,,,,,
LCID,False,2026-05-06 11:39:04.752391+00:00,,,,,,,,,,,,
LCID,False,2026-05-06 11:39:04.752391+00:00,,,,,,,,,,,,
LCID,True,2026-06-09 14:18:30.692038+00:00,2026-06-09 13:45:00+00:00,-33.51153396666667,5.24,5.3009248995513145,116.26889227350057,4.95,5.021668349827412,144.78454510588324,23.2744919525,2.4166666666666665,-0.0553435114503816,-0.0526807217637697
LCID,False,2026-06-09 14:18:31.402854+00:00,,,,,,,,,,,,
LCID,False,2026-06-09 14:18:31.402854+00:00,,,,,,,,,,,,
LCID,False,2026-06-15 14:02:45.577515+00:00,,,,,,,,,,,,
LCID,False,2026-06-15 14:02:45.577515+00:00,,,,,,,,,,,,
LCID,False,2026-06-15 14:02:45.577515+00:00,,,,,,,,,,,,
LCID,False,2026-06-15 14:02:45.577515+00:00,,,,,,,,,,,,
LCID,False,2026-06-18 15:26:13.723920+00:00,,,,,,,,,,,,
LCID,False,2026-06-18 15:26:13.723920+00:00,,,,,,,,,,,,
LCID,False,2026-06-18 15:26:13.723920+00:00,,,,,,,,,,,,
LCID,False,2026-06-18 15:26:14.590641+00:00,,,,,,,,,,,,
LCID,False,2026-06-18 15:26:15.326974+00:00,,,,,,,,,,,,
LCID,True,2026-06-29 15:06:54.850632+00:00,2026-06-29 14:55:00+00:00,-11.914177200000001,6.28,6.347046954750217,106.76266679970867,6.48,6.455343031316517,-38.05087759796758,1055.7210070225,8.083333333333334,0.0318471337579618,0.0170624350723055
LCID,False,2026-06-29 15:06:55.437454+00:00,,,,,,,,,,,,
LCID,False,2026-06-29 15:06:55.847640+00:00,,,,,,,,,,,,
LCID,True,2026-08-14 13:45:35.775398+00:00,2026-08-14 13:45:00+00:00,-0.5962566333333333,6.51,6.545206712241039,54.08097118439187,6.17,6.1813613000146,18.41377636077761,4.871022303611111,4.833333333333333,-0.0522273425499231,-0.0555895983462164
LCID,False,2026-08-14 13:45:35.775398+00:00,,,,,,,,,,,,
LCID,False,2026-08-14 13:45:35.775398+00:00,,,,,,,,,,,,
LCID,False,2026-08-14 13:45:35.775398+00:00,,,,,,,,,,,,
LCID,False,2026-08-14 13:45:35.775398+00:00,,,,,,,,,,,,
LCID,False,2026-08-14 13:45:35.775398+00:00,,,,,,,,,,,,
LCID,False,2026-08-14 13:45:35.775398+00:00,,,,,,,,,,,,
LCID,False,2026-08-14 13:45:35.775398+00:00,,,,,,,,,,,,
LCID,False,2026-08-14 13:45:35.775398+00:00,,,,,,,,,,,,
LCID,False,2026-08-14 13:45:35.775398+00:00,,,,,,,,,,,,
LLY,False,2026-06-08 14:10:15.683880+00:00,,,,,,,,,,,,
LLY,False,2026-06-08 14:10:15.683880+00:00,,,,,,,,,,,,
LRCX,True,2026-06-08 13:45:57.573472+00:00,2026-06-08 13:40:00+00:00,-5.959557866666667,321.12,320.1435262252461,-30.408376144553838,359.59,333.2641578286175,-732.1071823850073,77.5260221638889,25.083333333333332,0.1197994519182859,0.0409835918223128
MARA,False,2026-03-13 19:23:17.010106+00:00,,,,,,,,,,,,
MARA,False,2026-03-13 19:23:17.010106+00:00,,,,,,,,,,,,
MARA,False,2026-03-23 17:20:54.353523+00:00,,,,,,,,,,,,
MARA,True,2026-03-26 13:55:03.481644+00:00,2026-03-26 13:45:00+00:00,-10.058027399999999,9.07,9.150143271896432,88.36082899275866,8.61,8.648524087790815,44.7434236827123,3.928830136944444,4.083333333333333,-0.0507166482910695,-0.0548209103617296
MARA,False,2026-03-26 13:55:04.567320+00:00,,,,,,,,,,,,
MARA,False,2026-03-26 13:55:04.873115+00:00,,,,,,,,,,,,
MARA,False,2026-03-26 13:55:05.630673+00:00,,,,,,,,,,,,
MARA,False,2026-03-26 13:55:06.164333+00:00,,,,,,,,,,,,
MARA,False,2026-04-06 13:51:04.859406+00:00,,,,,,,,,,,,
MARA,False,2026-04-06 13:51:05.528827+00:00,,,,,,,,,,,,
MARA,False,2026-04-06 13:51:05.528827+00:00,,,,,,,,,,,,
MARA,False,2026-04-06 13:51:06.435053+00:00,,,,,,,,,,,,
MARA,False,2026-04-06 13:51:06.435053+00:00,,,,,,,,,,,,
MARA,False,2026-04-06 13:51:06.435053+00:00,,,,,,,,,,,,
MARA,False,2026-04-06 13:51:06.435053+00:00,,,,,,,,,,,,
MARA,False,2026-04-09 13:57:18.455231+00:00,,,,,,,,,,,,
MARA,False,2026-04-22 16:26:24.957884+00:00,,,,,,,,,,,,
MARA,False,2026-04-22 16:26:25.534346+00:00,,,,,,,,,,,,
MARA,False,2026-04-22 16:26:25.534346+00:00,,,,,,,,,,,,
MARA,False,2026-05-07 14:32:54.538362+00:00,,,,,,,,,,,,
MARA,False,2026-05-07 14:32:55.766121+00:00,,,,,,,,,,,,
MARA,True,2026-06-08 13:50:08.009716+00:00,2026-06-08 13:40:00+00:00,-10.133495266666667,12.84,12.852146360473784,9.459782300454597,14.47,13.747413861955373,-499.3684437074139,97.13544441361113,25.083333333333332,0.1269470404984424,0.069658987407344
MARA,False,2026-06-08 13:50:08.009716+00:00,,,,,,,,,,,,
MARA,False,2026-06-08 13:50:08.009716+00:00,,,,,,,,,,,,
MARA,True,2026-06-16 14:19:46.204278+00:00,2026-06-16 13:40:00+00:00,-39.770071300000005,14.89,14.904052734852309,9.437699699333976,14.08,14.423349177018526,243.85594958702129,29.332882683333334,8.083333333333334,-0.0543989254533244,-0.0322532110148592
MARA,False,2026-06-16 14:19:47.143040+00:00,,,,,,,,,,,,
MARA,False,2026-06-16 14:19:47.601666+00:00,,,,,,,,,,,,
MARA,False,2026-06-16 14:19:47.601666+00:00,,,,,,,,,,,,
MARA,False,2026-06-16 14:19:48.125248+00:00,,,,,,,,,,,,
MARA,False,2026-06-16 14:19:48.125248+00:00,,,,,,,,,,,,
MARA,False,2026-06-16 14:19:51.084462+00:00,,,,,,,,,,,,
MARA,False,2026-06-16 14:19:51.872610+00:00,,,,,,,,,,,,
MARA,False,2026-06-16 14:19:52.209649+00:00,,,,,,,,,,,,
MARA,False,2026-06-22 16:13:35.357158+00:00,,,,,,,,,,,,
MARA,False,2026-06-22 16:13:36.239887+00:00,,,,,,,,,,,,
MARA,False,2026-06-22 16:13:36.546250+00:00,,,,,,,,,,,,
MARA,False,2026-06-22 16:13:37.150884+00:00,,,,,,,,,,,,
META,False,2026-06-15 23:24:18.523089+00:00,,,,,,,,,,,,
MRNA,False,2026-05-07 13:42:17.322479+00:00,,,,,,,,,,,,
MRNA,False,2026-05-07 13:42:17.652891+00:00,,,,,,,,,,,,
MRNA,False,2026-05-07 13:42:17.652891+00:00,,,,,,,,,,,,
MRNA,False,2026-05-07 13:42:18.275002+00:00,,,,,,,,,,,,
MRNA,False,2026-05-07 13:42:18.275002+00:00,,,,,,,,,,,,
MRNA,False,2026-05-07 13:42:19.215551+00:00,,,,,,,,,,,,
MRNA,False,2026-05-07 13:42:19.215551+00:00,,,,,,,,,,,,
MRNA,False,2026-05-07 13:42:19.215551+00:00,,,,,,,,,,,,
MRNA,False,2026-05-07 13:42:19.433383+00:00,,,,,,,,,,,,
MRNA,False,2026-05-07 13:42:19.433383+00:00,,,,,,,,,,,,
MRNA,False,2026-05-07 13:42:19.433383+00:00,,,,,,,,,,,,
MRNA,False,2026-06-11 17:55:46.988386+00:00,,,,,,,,,,,,
MRNA,False,2026-06-11 17:55:46.988386+00:00,,,,,,,,,,,,
MRNA,False,2026-06-11 17:55:47.564994+00:00,,,,,,,,,,,,
MRNA,False,2026-06-11 17:55:48.497085+00:00,,,,,,,,,,,,
MRNA,False,2026-06-16 17:23:09.565152+00:00,,,,,,,,,,,,
MRNA,False,2026-06-16 17:23:09.570800+00:00,,,,,,,,,,,,
MRNA,False,2026-06-16 17:23:10.576171+00:00,,,,,,,,,,,,
MRNA,False,2026-06-16 17:23:10.996702+00:00,,,,,,,,,,,,
MRNA,False,2026-06-16 17:23:11.829546+00:00,,,,,,,,,,,,
MRNA,False,2026-06-16 19:24:43.190973+00:00,,,,,,,,,,,,
MRNA,False,2026-06-16 19:24:43.876810+00:00,,,,,,,,,,,,
MRNA,False,2026-06-16 19:24:44.610199+00:00,,,,,,,,,,,,
MRNA,True,2026-06-18 13:51:12.596030+00:00,2026-06-18 13:40:00+00:00,-11.209933833333334,61.54,65.31936622159041,614.1316577169995,58.38,60.92296879514832,435.58903651050343,97.06716395944444,0.16666666666666666,-0.0513487162820928,-0.0673061862163158
MRNA,False,2026-06-18 13:51:13.113206+00:00,,,,,,,,,,,,
MRNA,False,2026-06-18 13:51:13.886982+00:00,,,,,,,,,,,,
MRNA,False,2026-06-18 13:51:14.658672+00:00,,,,,,,,,,,,
MRNA,False,2026-06-18 13:51:16.007090+00:00,,,,,,,,,,,,
MRNA,False,2026-06-18 13:51:16.632746+00:00,,,,,,,,,,,,
MRNA,False,2026-06-18 13:51:16.632746+00:00,,,,,,,,,,,,
MRNA,False,2026-06-25 13:51:06.217112+00:00,,,,,,,,,,,,
MRNA,False,2026-06-25 13:51:06.217112+00:00,,,,,,,,,,,,
MRNA,False,2026-06-25 13:51:07.079508+00:00,,,,,,,,,,,,
MRNA,False,2026-06-25 13:51:07.079508+00:00,,,,,,,,,,,,
MRNA,False,2026-06-25 13:51:07.079508+00:00,,,,,,,,,,,,
MRNA,False,2026-06-25 13:51:07.079508+00:00,,,,,,,,,,,,
MRVL,True,2026-03-20 15:10:36.999952+00:00,2026-03-20 15:00:00+00:00,-10.616665866666667,89.49,89.71193178260431,24.799618125412362,101.0,96.52781382545984,-442.79071035051044,286.3479742425,166.08333333333334,0.1286177226505755,0.0759752009283692
MRVL,False,2026-03-20 15:10:36.999952+00:00,,,,,,,,,,,,
MRVL,True,2026-04-06 13:47:58.948614+00:00,2026-04-06 13:40:00+00:00,-7.9824769,109.27,110.64120358404942,125.4876529742313,126.3,110.68083969804869,-1236.6714411679582,95.72258233972222,47.916666666666664,0.1558524755193557,0.0003582400833985
MRVL,False,2026-04-10 13:48:03.977355+00:00,,,,,,,,,,,,
MRVL,False,2026-04-10 13:48:05.797306+00:00,,,,,,,,,,,,
MRVL,False,2026-04-10 13:48:06.660301+00:00,,,,,,,,,,,,
MRVL,False,2026-04-10 13:48:07.315650+00:00,,,,,,,,,,,,
MRVL,False,2026-04-10 13:48:08.170238+00:00,,,,,,,,,,,,
MRVL,False,2026-04-10 13:48:09.668206+00:00,,,,,,,,,,,,
MRVL,False,2026-04-10 13:48:10.648429+00:00,,,,,,,,,,,,
MRVL,False,2026-04-10 13:48:12.494305+00:00,,,,,,,,,,,,
MRVL,False,2026-05-18 13:00:14.153717+00:00,,,,,,,,,,,,
MRVL,False,2026-05-18 13:00:14.403637+00:00,,,,,,,,,,,,
MRVL,False,2026-05-18 13:00:15.030712+00:00,,,,,,,,,,,,
MRVL,False,2026-05-18 13:25:45.644792+00:00,,,,,,,,,,,,
MRVL,False,2026-05-18 13:25:46.332164+00:00,,,,,,,,,,,,
MRVL,False,2026-05-18 13:25:46.332164+00:00,,,,,,,,,,,,
MRVL,True,2026-05-19 13:46:35.437226+00:00,2026-05-19 13:40:00+00:00,-6.590620433333333,169.28,172.0921266835371,166.12279557756898,189.84,177.3387661048179,-658.5142169817799,24.02550575861111,8.083333333333334,0.1214555765595463,0.0304873879031603
MRVL,False,2026-05-19 13:46:35.437226+00:00,,,,,,,,,,,,
MRVL,False,2026-05-19 13:46:35.437226+00:00,,,,,,,,,,,,
MRVL,False,2026-05-19 13:46:35.437226+00:00,,,,,,,,,,,,
MRVL,False,2026-05-19 13:46:35.437226+00:00,,,,,,,,,,,,
MRVL,True,2026-05-20 13:51:04.680038+00:00,2026-05-20 13:40:00+00:00,-11.078000633333334,189.18,190.16026177785216,51.81635362364676,212.0,188.5960873727942,-1103.958142792727,143.87018817472222,8.083333333333334,0.1206258589702928,-0.0082255587494155
MRVL,False,2026-05-20 13:51:06.099790+00:00,,,,,,,,,,,,
MRVL,False,2026-05-20 13:51:06.099790+00:00,,,,,,,,,,,,
MRVL,False,2026-05-20 13:51:06.099790+00:00,,,,,,,,,,,,
MRVL,False,2026-05-20 13:51:13.832455+00:00,,,,,,,,,,,,
MRVL,False,2026-06-02 10:44:17.904565+00:00,,,,,,,,,,,,
MRVL,False,2026-06-02 10:44:18.511928+00:00,,,,,,,,,,,,
MRVL,False,2026-06-02 10:44:18.511928+00:00,,,,,,,,,,,,
MRVL,False,2026-06-02 10:44:18.511928+00:00,,,,,,,,,,,,
MRVL,False,2026-06-02 10:44:18.998840+00:00,,,,,,,,,,,,
MRVL,False,2026-06-08 19:02:35.155992+00:00,,,,,,,,,,,,
MRVL,False,2026-06-08 19:02:35.796519+00:00,,,,,,,,,,,,
MRVL,False,2026-06-08 19:45:16.313525+00:00,,,,,,,,,,,,
MRVL,False,2026-06-08 19:45:16.313525+00:00,,,,,,,,,,,,
MRVL,False,2026-06-08 19:45:16.313525+00:00,,,,,,,,,,,,
MRVL,False,2026-06-08 19:45:17.334840+00:00,,,,,,,,,,,,
MRVL,False,2026-06-08 19:45:17.334840+00:00,,,,,,,,,,,,
MRVL,False,2026-06-08 19:45:19.283971+00:00,,,,,,,,,,,,
MRVL,False,2026-06-11 12:19:24.521289+00:00,,,,,,,,,,,,
MRVL,False,2026-06-11 12:19:24.892703+00:00,,,,,,,,,,,,
MRVL,False,2026-06-11 12:19:24.892703+00:00,,,,,,,,,,,,
MRVL,False,2026-06-11 12:19:24.892703+00:00,,,,,,,,,,,,
MRVL,False,2026-06-11 12:19:24.892703+00:00,,,,,,,,,,,,
MRVL,True,2026-06-16 13:57:41.420929+00:00,2026-06-16 13:45:00+00:00,-12.690348816666667,310.71,311.32714006114475,19.862252941481337,294.82,294.9002032951342,2.72041568191429,1.5185577375,1.75,-0.0511409352772681,-0.0527642298155705
MRVL,False,2026-06-16 13:57:42.413367+00:00,,,,,,,,,,,,
MRVL,False,2026-06-16 13:57:42.619851+00:00,,,,,,,,,,,,
MRVL,False,2026-06-16 13:57:43.256807+00:00,,,,,,,,,,,,
MRVL,False,2026-06-16 13:57:44.449308+00:00,,,,,,,,,,,,
MRVL,False,2026-06-16 13:57:44.775138+00:00,,,,,,,,,,,,
MRVL,False,2026-06-16 13:57:44.775138+00:00,,,,,,,,,,,,
MRVL,False,2026-06-16 13:57:44.775138+00:00,,,,,,,,,,,,
MRVL,False,2026-08-17 18:11:15.885231+00:00,,,,,,,,,,,,
MRVL,False,2026-08-17 19:05:01.216137+00:00,,,,,,,,,,,,
MRVL,False,2026-08-17 19:07:00.949446+00:00,,,,,,,,,,,,
MRVL,False,2026-08-17 19:07:02.344220+00:00,,,,,,,,,,,,
MRVL,False,2026-08-17 19:07:03.047423+00:00,,,,,,,,,,,,
MRVL,False,2026-08-17 19:07:03.776297+00:00,,,,,,,,,,,,
MRVL,False,2026-08-17 19:07:04.920363+00:00,,,,,,,,,,,,
MRVL,False,2026-08-17 19:07:05.156243+00:00,,,,,,,,,,,,
MRVL,False,2026-08-17 19:07:05.998172+00:00,,,,,,,,,,,,
MSFT,False,2026-05-04 22:53:45.952278+00:00,,,,,,,,,,,,
MSFT,False,2026-05-04 22:53:46.250096+00:00,,,,,,,,,,,,
MSFT,False,2026-05-04 22:53:46.480311+00:00,,,,,,,,,,,,
MSFT,False,2026-05-04 22:53:46.673712+00:00,,,,,,,,,,,,
MSTR,True,2026-03-09 13:53:21.037771+00:00,2026-03-09 13:50:00+00:00,-3.3506295166666664,137.4,137.64557064877877,17.872681861627843,130.16,141.2297757369084,850.4744727188393,431.6171693847222,98.25,-0.0526928675400291,0.026039378319519
MSTR,False,2026-03-09 13:53:21.037771+00:00,,,,,,,,,,,,
MSTR,False,2026-04-09 13:57:17.524797+00:00,,,,,,,,,,,,
MSTR,False,2026-04-09 13:57:18.284694+00:00,,,,,,,,,,,,
MSTR,False,2026-04-09 13:57:18.284694+00:00,,,,,,,,,,,,
MSTR,False,2026-04-09 13:57:19.078281+00:00,,,,,,,,,,,,
MSTR,False,2026-04-27 17:40:47.776053+00:00,,,,,,,,,,,,
MSTR,False,2026-06-10 18:44:51.143675+00:00,,,,,,,,,,,,
MSTR,False,2026-06-10 19:21:54.240078+00:00,,,,,,,,,,,,
MSTR,False,2026-06-10 19:21:54.461571+00:00,,,,,,,,,,,,
MSTR,False,2026-06-10 19:21:55.232734+00:00,,,,,,,,,,,,
MSTR,True,2026-06-22 14:02:45.999013+00:00,2026-06-22 13:50:00+00:00,-12.766650216666667,117.91,119.2601024176316,114.50279175910471,111.89,112.6451416518955,67.48964625037979,1.9190522719444445,1.8333333333333333,-0.0510558900856585,-0.0554666701741667
MSTR,False,2026-06-22 14:02:45.999013+00:00,,,,,,,,,,,,
MSTR,False,2026-06-22 14:02:45.999013+00:00,,,,,,,,,,,,
MSTR,False,2026-06-22 14:02:45.999013+00:00,,,,,,,,,,,,
MSTR,False,2026-06-22 14:02:45.999013+00:00,,,,,,,,,,,,
MSTR,False,2026-06-22 14:02:45.999013+00:00,,,,,,,,,,,,
MSTR,False,2026-06-22 14:02:45.999013+00:00,,,,,,,,,,,,
MSTR,False,2026-06-29 13:40:10.302141+00:00,,,,,,,,,,,,
MSTR,False,2026-06-29 13:40:11.621625+00:00,,,,,,,,,,,,
MSTR,False,2026-06-29 13:40:13.268219+00:00,,,,,,,,,,,,
MSTR,False,2026-06-29 13:40:13.268219+00:00,,,,,,,,,,,,
MSTR,False,2026-06-29 13:40:13.268219+00:00,,,,,,,,,,,,
MSTR,False,2026-06-29 13:40:13.268219+00:00,,,,,,,,,,,,
MU,True,2026-03-27 14:08:05.665759+00:00,2026-03-27 14:00:00+00:00,-8.094429316666666,359.39,359.94479091688186,15.437015968220335,341.27,353.086668941174,346.2557195526722,71.83338150750001,8.083333333333334,-0.0504187651298032,-0.0190532608021309
MU,False,2026-05-11 13:42:15.747948+00:00,,,,,,,,,,,,
MU,False,2026-05-11 13:42:16.383584+00:00,,,,,,,,,,,,
MU,False,2026-05-11 13:42:16.383584+00:00,,,,,,,,,,,,
MU,False,2026-05-11 13:42:16.953136+00:00,,,,,,,,,,,,
MU,False,2026-05-11 13:42:16.953136+00:00,,,,,,,,,,,,
MU,False,2026-05-14 13:55:07.999931+00:00,,,,,,,,,,,,
MU,False,2026-05-14 13:55:08.141436+00:00,,,,,,,,,,,,
MU,False,2026-05-14 13:55:08.983283+00:00,,,,,,,,,,,,
MU,False,2026-05-18 13:42:17.664017+00:00,,,,,,,,,,,,
MU,False,2026-05-28 13:45:29.746783+00:00,,,,,,,,,,,,
MU,False,2026-05-28 13:45:29.746783+00:00,,,,,,,,,,,,
MU,False,2026-05-28 13:45:31.580131+00:00,,,,,,,,,,,,
MU,False,2026-05-28 13:45:31.580131+00:00,,,,,,,,,,,,
MU,False,2026-05-28 13:45:31.580131+00:00,,,,,,,,,,,,
MU,False,2026-05-28 13:45:32.627615+00:00,,,,,,,,,,,,
MU,True,2026-06-25 13:48:00.678038+00:00,2026-06-25 13:40:00+00:00,-8.011300633333333,1191.29,1250.690460818102,498.6230121809312,1144.22,1144.988084485782,6.71273431492268,23.71405825388889,0.25,-0.0395117897405333,-0.0845152175088774
MU,False,2026-06-25 13:48:00.678038+00:00,,,,,,,,,,,,
MU,False,2026-06-25 13:48:00.678038+00:00,,,,,,,,,,,,
MU,False,2026-06-25 13:48:00.678038+00:00,,,,,,,,,,,,
MU,False,2026-06-25 13:48:01.250999+00:00,,,,,,,,,,,,
MU,False,2026-08-17 18:56:07.765583+00:00,,,,,,,,,,,,
MU,False,2026-08-17 18:56:08.703674+00:00,,,,,,,,,,,,
MU,False,2026-08-17 18:56:09.223144+00:00,,,,,,,,,,,,
MU,False,2026-08-17 18:56:10.459102+00:00,,,,,,,,,,,,
MU,False,2026-08-17 18:56:10.806776+00:00,,,,,,,,,,,,
MU,False,2026-08-17 18:56:10.924860+00:00,,,,,,,,,,,,
MU,False,2026-08-17 18:56:11.469365+00:00,,,,,,,,,,,,
MU,False,2026-08-17 18:56:12.836375+00:00,,,,,,,,,,,,
MU,False,2026-08-17 18:56:13.731328+00:00,,,,,,,,,,,,
NVDA,False,2026-05-06 14:26:32.162625+00:00,,,,,,,,,,,,
ONDS,True,2026-03-13 13:57:45.694010+00:00,2026-03-13 14:00:00+00:00,2.238433166666667,10.75,10.81028584798982,56.07985859518063,10.21,10.249799188305197,38.980595793531634,2.4724938341666665,2.3333333333333335,-0.0502325581395348,-0.0518475336883757
ONDS,False,2026-03-13 13:57:46.254997+00:00,,,,,,,,,,,,
ONDS,False,2026-03-16 13:48:26.943683+00:00,,,,,,,,,,,,
ONDS,False,2026-03-16 13:48:27.475980+00:00,,,,,,,,,,,,
ONDS,False,2026-03-16 13:48:27.475980+00:00,,,,,,,,,,,,
ONDS,False,2026-03-16 13:48:27.475980+00:00,,,,,,,,,,,,
ONDS,True,2026-03-24 13:45:19.241655+00:00,2026-03-24 14:05:00+00:00,19.67930575,11.04,11.141472390340937,91.91339704795071,10.46,10.876304147186362,397.9963166217601,25.064101355833333,8.083333333333334,-0.0525362318840578,-0.0238001077294291
ONDS,False,2026-03-24 13:45:19.869291+00:00,,,,,,,,,,,,
ONDS,False,2026-04-06 13:51:08.579458+00:00,,,,,,,,,,,,
ONDS,False,2026-04-06 13:51:08.579458+00:00,,,,,,,,,,,,
ONDS,False,2026-04-06 13:51:08.579458+00:00,,,,,,,,,,,,
ONDS,False,2026-04-06 13:51:09.425893+00:00,,,,,,,,,,,,
ONDS,False,2026-04-06 13:51:10.085266+00:00,,,,,,,,,,,,
ONDS,False,2026-04-06 13:51:11.141611+00:00,,,,,,,,,,,,
ONDS,False,2026-05-15 11:04:16.599308+00:00,,,,,,,,,,,,
ONDS,False,2026-05-15 11:04:16.848655+00:00,,,,,,,,,,,,
ONDS,False,2026-05-15 11:04:17.172515+00:00,,,,,,,,,,,,
ONDS,False,2026-06-30 11:09:05.585029+00:00,,,,,,,,,,,,
ONDS,False,2026-06-30 11:09:05.848146+00:00,,,,,,,,,,,,
ONDS,False,2026-06-30 11:09:06.123015+00:00,,,,,,,,,,,,
ONDS,False,2026-06-30 11:09:06.507521+00:00,,,,,,,,,,,,
ONDS,False,2026-06-30 11:09:06.851975+00:00,,,,,,,,,,,,
ONDS,False,2026-06-30 11:09:07.110839+00:00,,,,,,,,,,,,
ONDS,False,2026-06-30 11:09:21.878663+00:00,,,,,,,,,,,,
ONDS,False,2026-06-30 11:09:22.284177+00:00,,,,,,,,,,,,
ONDS,False,2026-06-30 11:09:22.560086+00:00,,,,,,,,,,,,
ONDS,False,2026-06-30 11:09:22.965009+00:00,,,,,,,,,,,,
ONDS,False,2026-06-30 11:09:22.965009+00:00,,,,,,,,,,,,
OXY,False,2026-03-20 14:51:39.104281+00:00,,,,,,,,,,,,
OXY,False,2026-03-20 14:51:39.104281+00:00,,,,,,,,,,,,
OXY,False,2026-03-20 14:51:39.104281+00:00,,,,,,,,,,,,
OXY,False,2026-03-20 14:51:39.104281+00:00,,,,,,,,,,,,
OXY,False,2026-03-20 14:51:39.561492+00:00,,,,,,,,,,,,
OXY,False,2026-03-20 14:51:39.966689+00:00,,,,,,,,,,,,
OXY,False,2026-03-20 14:51:39.966689+00:00,,,,,,,,,,,,
OXY,True,2026-05-06 13:48:10.049879+00:00,2026-05-06 13:45:00+00:00,-3.1674979833333334,56.34,56.119630164541306,-39.114276794231024,53.51,54.492818076434766,183.6699825144399,24.37712564638889,8.083333333333334,-0.0502307419240327,-0.0289882895403403
OXY,False,2026-05-06 13:48:10.049879+00:00,,,,,,,,,,,,
OXY,False,2026-05-06 13:48:10.049879+00:00,,,,,,,,,,,,
OXY,False,2026-05-06 13:48:10.574793+00:00,,,,,,,,,,,,
PLTR,True,2026-03-09 13:53:19.617314+00:00,2026-03-09 13:45:00+00:00,-8.326955233333333,155.17,155.75505554516735,37.70416608670261,145.15,152.96506605915624,538.4130939825172,431.6153029561111,240.08333333333334,-0.0645743378230327,-0.0179126736929707
PLTR,False,2026-03-09 13:53:20.554537+00:00,,,,,,,,,,,,
PLTR,False,2026-03-09 13:53:21.014344+00:00,,,,,,,,,,,,
PLTR,False,2026-03-09 13:53:21.014344+00:00,,,,,,,,,,,,
PLTR,False,2026-03-09 13:53:21.014344+00:00,,,,,,,,,,,,
PLTR,False,2026-03-09 13:53:21.014344+00:00,,,,,,,,,,,,
PLTR,True,2026-06-24 13:50:56.842324+00:00,2026-06-24 13:40:00+00:00,-10.947372066666667,116.0,117.21636079886169,104.8586895570419,109.29,113.06639862331886,345.5392646462489,23.758464964166667,8.083333333333334,-0.0578448275862068,-0.0354042912376709
PLTR,False,2026-06-24 13:50:57.169229+00:00,,,,,,,,,,,,
PLTR,False,2026-06-24 13:50:58.148345+00:00,,,,,,,,,,,,
PLTR,True,2026-07-01 12:55:05.175453+00:00,2026-07-01 13:40:00+00:00,44.91374245,120.2,123.37277749642122,263.9581943778052,174.61,127.45951138504488,-2700.3315168063186,984.6312269655556,119.5,0.4526622296173045,0.0331250861944987
PLTR,False,2026-07-01 12:55:05.175453+00:00,,,,,,,,,,,,
PLTR,False,2026-07-01 12:55:05.175453+00:00,,,,,,,,,,,,
PLTR,False,2026-07-01 12:55:05.175453+00:00,,,,,,,,,,,,
QCOM,False,2026-05-05 18:40:55.368269+00:00,,,,,,,,,,,,
QCOM,False,2026-05-05 18:40:55.970355+00:00,,,,,,,,,,,,
QCOM,False,2026-05-05 18:40:56.493266+00:00,,,,,,,,,,,,
QCOM,True,2026-05-15 13:57:50.943841+00:00,2026-05-15 13:40:00+00:00,-17.849064016666667,203.52,201.83053576827743,-83.01219692033125,192.37,190.5100978650985,-96.68358553316617,96.210624975,96.5,-0.0547857704402516,-0.056088826500347
QCOM,False,2026-05-15 13:57:50.943841+00:00,,,,,,,,,,,,
QCOM,False,2026-05-15 13:57:51.104237+00:00,,,,,,,,,,,,
QCOM,False,2026-05-15 13:57:52.172034+00:00,,,,,,,,,,,,
QCOM,False,2026-05-15 13:58:06.081718+00:00,,,,,,,,,,,,
QCOM,False,2026-05-15 13:58:07.503748+00:00,,,,,,,,,,,,
QCOM,False,2026-05-15 13:58:07.503748+00:00,,,,,,,,,,,,
QCOM,False,2026-05-15 13:58:07.503748+00:00,,,,,,,,,,,,
QCOM,False,2026-05-15 13:58:07.503748+00:00,,,,,,,,,,,,
QCOM,True,2026-05-21 15:01:28.275156+00:00,2026-05-21 14:25:00+00:00,-36.4712526,204.33,205.44629568070903,54.632001209270065,232.62,211.022935991916,-928.4267908212537,23.25815295888889,8.083333333333334,0.1384525033034796,0.0271440295028428
QCOM,False,2026-05-21 15:01:28.441442+00:00,,,,,,,,,,,,
QCOM,False,2026-05-21 15:01:28.441442+00:00,,,,,,,,,,,,
QCOM,False,2026-05-21 15:01:29.438120+00:00,,,,,,,,,,,,
QCOM,False,2026-05-21 15:01:29.438120+00:00,,,,,,,,,,,,
QCOM,False,2026-05-21 15:01:30.573646+00:00,,,,,,,,,,,,
QCOM,False,2026-05-21 15:01:30.573646+00:00,,,,,,,,,,,,
QCOM,False,2026-06-01 13:46:03.311427+00:00,,,,,,,,,,,,
QCOM,False,2026-06-01 13:46:03.311427+00:00,,,,,,,,,,,,
QCOM,False,2026-06-01 13:46:03.311427+00:00,,,,,,,,,,,,
QCOM,False,2026-06-01 13:46:04.215553+00:00,,,,,,,,,,,,
QCOM,False,2026-06-01 13:46:05.924240+00:00,,,,,,,,,,,,
QCOM,False,2026-06-01 13:46:07.559918+00:00,,,,,,,,,,,,
QCOM,False,2026-07-01 13:45:51.754363+00:00,,,,,,,,,,,,
QCOM,False,2026-07-01 13:45:52.886695+00:00,,,,,,,,,,,,
RBLX,False,2026-03-20 17:55:54.285819+00:00,,,,,,,,,,,,
RBLX,False,2026-03-20 17:55:54.825435+00:00,,,,,,,,,,,,
RBLX,False,2026-03-20 17:55:55.233877+00:00,,,,,,,,,,,,
RBLX,False,2026-03-20 17:55:55.718223+00:00,,,,,,,,,,,,
RBLX,False,2026-03-31 13:45:43.348120+00:00,,,,,,,,,,,,
RBLX,False,2026-03-31 13:45:43.348120+00:00,,,,,,,,,,,,
RBLX,False,2026-03-31 13:45:43.831491+00:00,,,,,,,,,,,,
RBLX,False,2026-03-31 13:45:44.825517+00:00,,,,,,,,,,,,
RBLX,False,2026-03-31 13:45:45.519839+00:00,,,,,,,,,,,,
RBLX,False,2026-03-31 13:45:46.278643+00:00,,,,,,,,,,,,
RBLX,True,2026-06-16 14:00:38.279619+00:00,2026-06-16 13:45:00+00:00,-15.63799365,46.63,46.98867384138584,76.9191167458368,52.2,48.6774940368518,-674.8095714843305,49.11773451444445,29.833333333333332,0.1194509972120952,0.0359410057233517
RBLX,False,2026-06-16 14:00:38.548250+00:00,,,,,,,,,,,,
RBLX,False,2026-06-16 14:00:39.673287+00:00,,,,,,,,,,,,
RBLX,False,2026-06-16 14:13:13.911766+00:00,,,,,,,,,,,,
RBLX,False,2026-06-16 14:13:14.027352+00:00,,,,,,,,,,,,
RBLX,False,2026-06-16 14:13:14.617452+00:00,,,,,,,,,,,,
RBLX,False,2026-06-23 18:26:03.197105+00:00,,,,,,,,,,,,
RBLX,False,2026-06-23 18:26:03.684777+00:00,,,,,,,,,,,,
RBLX,False,2026-06-23 18:26:03.684777+00:00,,,,,,,,,,,,
RBLX,False,2026-06-29 14:01:04.559744+00:00,,,,,,,,,,,,
RBLX,False,2026-06-29 14:01:06.183810+00:00,,,,,,,,,,,,
RBLX,False,2026-06-29 14:01:06.787956+00:00,,,,,,,,,,,,
RBLX,False,2026-06-29 14:01:06.787956+00:00,,,,,,,,,,,,
RBLX,False,2026-06-29 14:01:08.212201+00:00,,,,,,,,,,,,
RBLX,False,2026-06-29 14:01:08.212201+00:00,,,,,,,,,,,,
RIOT,False,2026-03-24 14:16:40.618481+00:00,,,,,,,,,,,,
RIOT,False,2026-03-24 14:16:40.618481+00:00,,,,,,,,,,,,
RIOT,False,2026-03-24 14:16:41.092454+00:00,,,,,,,,,,,,
RIOT,False,2026-03-24 14:16:41.092454+00:00,,,,,,,,,,,,
RIOT,False,2026-05-07 13:45:30.122330+00:00,,,,,,,,,,,,
RIOT,False,2026-06-10 14:56:41.443237+00:00,,,,,,,,,,,,
RIOT,False,2026-06-10 14:56:41.443237+00:00,,,,,,,,,,,,
RIOT,False,2026-06-10 14:56:41.443237+00:00,,,,,,,,,,,,
RIOT,False,2026-06-10 14:56:41.443237+00:00,,,,,,,,,,,,
RIVN,False,2026-03-19 13:37:07.460467+00:00,,,,,,,,,,,,
RIVN,True,2026-04-02 13:42:09.435092+00:00,2026-04-02 13:45:00+00:00,2.842748466666667,14.88,14.878929095218194,-0.7196940737951332,16.96,15.343708677814424,-953.001958835835,431.85480405,8.5,0.1397849462365591,0.0312374351421299
RIVN,False,2026-04-02 13:42:09.820666+00:00,,,,,,,,,,,,
RIVN,False,2026-04-02 13:42:10.621651+00:00,,,,,,,,,,,,
RIVN,False,2026-04-02 13:42:11.176233+00:00,,,,,,,,,,,,
RIVN,False,2026-04-02 13:42:11.575317+00:00,,,,,,,,,,,,
RIVN,False,2026-04-02 13:42:12.111391+00:00,,,,,,,,,,,,
RIVN,False,2026-04-02 13:42:13.420930+00:00,,,,,,,,,,,,
RIVN,False,2026-04-02 13:42:13.900293+00:00,,,,,,,,,,,,
RIVN,False,2026-04-02 13:42:14.264637+00:00,,,,,,,,,,,,
RKLB,False,2026-03-09 14:08:05.494850+00:00,,,,,,,,,,,,
RKLB,False,2026-03-09 14:08:05.603621+00:00,,,,,,,,,,,,
RKLB,False,2026-03-09 14:08:05.923735+00:00,,,,,,,,,,,,
RKLB,False,2026-03-09 14:08:06.471248+00:00,,,,,,,,,,,,
RKLB,False,2026-03-09 14:08:07.367397+00:00,,,,,,,,,,,,
RKLB,False,2026-03-09 14:08:07.859101+00:00,,,,,,,,,,,,
RKLB,False,2026-03-23 13:45:55.633063+00:00,,,,,,,,,,,,
RKLB,False,2026-03-23 13:45:56.385809+00:00,,,,,,,,,,,,
RKLB,False,2026-03-23 13:45:56.385809+00:00,,,,,,,,,,,,
RKLB,False,2026-03-23 13:45:56.385809+00:00,,,,,,,,,,,,
RKLB,False,2026-03-23 13:45:56.385809+00:00,,,,,,,,,,,,
RKLB,False,2026-03-27 12:19:36.009413+00:00,,,,,,,,,,,,
RKLB,False,2026-03-31 12:50:12.402854+00:00,,,,,,,,,,,,
RKLB,False,2026-03-31 12:50:12.652573+00:00,,,,,,,,,,,,
RKLB,False,2026-03-31 12:50:12.652573+00:00,,,,,,,,,,,,
RKLB,False,2026-04-20 18:22:32.252674+00:00,,,,,,,,,,,,
RKLB,False,2026-04-20 18:22:32.863147+00:00,,,,,,,,,,,,
RKLB,False,2026-04-20 18:22:33.486388+00:00,,,,,,,,,,,,
RKLB,False,2026-04-20 18:22:33.944623+00:00,,,,,,,,,,,,
RKLB,False,2026-04-20 18:22:34.634117+00:00,,,,,,,,,,,,
RKLB,False,2026-04-30 14:44:48.604793+00:00,,,,,,,,,,,,
RKLB,False,2026-04-30 14:44:48.604793+00:00,,,,,,,,,,,,
RKLB,False,2026-04-30 14:44:48.604793+00:00,,,,,,,,,,,,
RKLB,False,2026-05-08 11:58:59.005214+00:00,,,,,,,,,,,,
RKLB,False,2026-05-08 11:58:59.266264+00:00,,,,,,,,,,,,
RKLB,False,2026-05-08 11:58:59.526887+00:00,,,,,,,,,,,,
RKLB,False,2026-05-11 20:23:08.114885+00:00,,,,,,,,,,,,
RKLB,False,2026-05-11 20:23:08.336853+00:00,,,,,,,,,,,,
RKLB,False,2026-05-11 20:23:08.603189+00:00,,,,,,,,,,,,
RKLB,False,2026-05-11 20:23:08.603189+00:00,,,,,,,,,,,,
RKLB,False,2026-05-11 20:23:08.787220+00:00,,,,,,,,,,,,
RKLB,False,2026-05-11 20:23:08.787220+00:00,,,,,,,,,,,,
RKLB,True,2026-05-28 13:45:32.037080+00:00,2026-05-28 13:40:00+00:00,-5.5339513333333334,148.68,149.0465455887699,24.65332181664618,138.18,146.59405698857364,608.9200310156052,23.7445795075,8.083333333333334,-0.0706214689265536,-0.016454514866536
RKLB,False,2026-05-28 13:45:32.037080+00:00,,,,,,,,,,,,
RKLB,False,2026-05-28 13:45:33.058098+00:00,,,,,,,,,,,,
RKLB,False,2026-06-10 14:49:33.679825+00:00,,,,,,,,,,,,
RKLB,False,2026-06-10 14:49:33.679825+00:00,,,,,,,,,,,,
RKLB,False,2026-06-10 14:49:34.054278+00:00,,,,,,,,,,,,
RKLB,False,2026-06-15 13:51:37.944237+00:00,,,,,,,,,,,,
RKLB,False,2026-06-15 13:52:38.413707+00:00,,,,,,,,,,,,
RKLB,False,2026-06-15 13:52:38.484615+00:00,,,,,,,,,,,,
RKLB,False,2026-06-15 13:52:38.484615+00:00,,,,,,,,,,,,
RKLB,False,2026-06-15 13:52:38.484615+00:00,,,,,,,,,,,,
RKLB,False,2026-06-29 11:59:07.591902+00:00,,,,,,,,,,,,
RKLB,False,2026-06-29 11:59:07.925032+00:00,,,,,,,,,,,,
RKLB,False,2026-06-29 11:59:07.925032+00:00,,,,,,,,,,,,
RKLB,False,2026-06-29 11:59:07.925032+00:00,,,,,,,,,,,,
RXRX,False,2026-03-26 14:37:59.796733+00:00,,,,,,,,,,,,
RXRX,False,2026-03-26 14:37:59.813385+00:00,,,,,,,,,,,,
RXRX,False,2026-03-26 14:38:00.206602+00:00,,,,,,,,,,,,
RXRX,False,2026-03-26 14:38:00.223756+00:00,,,,,,,,,,,,
RXRX,False,2026-03-26 14:38:01.017922+00:00,,,,,,,,,,,,
RXRX,False,2026-03-26 14:38:01.618654+00:00,,,,,,,,,,,,
RXRX,False,2026-03-26 14:38:02.356883+00:00,,,,,,,,,,,,
RXRX,True,2026-03-31 13:45:39.120001+00:00,2026-03-31 13:40:00+00:00,-5.652000016666666,2.94,2.9444823320510936,15.246027384672132,3.38,3.0507185048184775,-974.2056070459242,191.74297427722223,30.166666666666668,0.1496598639455782,0.0360797453633831
RXRX,False,2026-03-31 13:45:39.120001+00:00,,,,,,,,,,,,
RXRX,False,2026-03-31 13:45:39.584573+00:00,,,,,,,,,,,,
RXRX,False,2026-03-31 13:45:40.471763+00:00,,,,,,,,,,,,
RXRX,False,2026-03-31 13:45:41.143127+00:00,,,,,,,,,,,,
RXRX,False,2026-03-31 13:45:41.732876+00:00,,,,,,,,,,,,
RXRX,False,2026-03-31 13:45:42.254814+00:00,,,,,,,,,,,,
RXRX,False,2026-06-15 16:45:37.849406+00:00,,,,,,,,,,,,
RXRX,False,2026-06-15 16:45:38.570738+00:00,,,,,,,,,,,,
RXRX,False,2026-06-15 16:45:38.570738+00:00,,,,,,,,,,,,
RXRX,False,2026-06-15 16:45:38.570738+00:00,,,,,,,,,,,,
RXRX,False,2026-06-15 16:45:39.242854+00:00,,,,,,,,,,,,
RXRX,False,2026-06-18 13:57:27.545916+00:00,,,,,,,,,,,,
RXRX,False,2026-06-18 13:57:27.545916+00:00,,,,,,,,,,,,
RXRX,False,2026-06-18 13:57:28.401993+00:00,,,,,,,,,,,,
RXRX,False,2026-06-18 13:57:28.401993+00:00,,,,,,,,,,,,
RXRX,False,2026-06-18 13:57:28.401993+00:00,,,,,,,,,,,,
RXRX,False,2026-06-18 13:57:28.401993+00:00,,,,,,,,,,,,
RXRX,False,2026-06-18 13:57:28.401993+00:00,,,,,,,,,,,,
RXRX,False,2026-06-18 13:57:28.401993+00:00,,,,,,,,,,,,
RXRX,True,2026-06-24 14:06:45.461198+00:00,2026-06-24 13:55:00+00:00,-11.757686633333332,3.23,3.3156329629805885,265.11753244764253,3.68,3.2414359815361076,-1191.750050173621,119.53848803833334,8.083333333333334,0.1393188854489164,-0.0223779236944796
RXRX,False,2026-06-24 14:06:45.797050+00:00,,,,,,,,,,,,
RXRX,False,2026-06-24 14:06:46.462880+00:00,,,,,,,,,,,,
RXRX,False,2026-06-24 14:06:47.024708+00:00,,,,,,,,,,,,
RXRX,False,2026-06-24 14:06:47.725624+00:00,,,,,,,,,,,,
RXRX,False,2026-06-29 14:10:28.347144+00:00,,,,,,,,,,,,
RXRX,False,2026-06-29 14:10:29.092973+00:00,,,,,,,,,,,,
RXRX,False,2026-06-29 14:10:29.092973+00:00,,,,,,,,,,,,
RXRX,False,2026-06-29 14:10:29.092973+00:00,,,,,,,,,,,,
RXRX,False,2026-06-29 14:10:29.092973+00:00,,,,,,,,,,,,
RXRX,False,2026-06-29 14:10:29.092973+00:00,,,,,,,,,,,,
SLB,False,2026-03-24 17:05:01.485150+00:00,,,,,,,,,,,,
SLB,False,2026-03-24 17:05:03.499934+00:00,,,,,,,,,,,,
SLB,False,2026-03-24 17:05:03.499934+00:00,,,,,,,,,,,,
SLB,False,2026-03-24 17:05:04.499738+00:00,,,,,,,,,,,,
SLB,False,2026-03-24 17:05:05.729785+00:00,,,,,,,,,,,,
SLB,False,2026-03-24 17:05:06.928733+00:00,,,,,,,,,,,,
SLB,False,2026-03-24 17:05:06.928733+00:00,,,,,,,,,,,,
SMCI,False,2026-03-27 13:45:22.786426+00:00,,,,,,,,,,,,
SMCI,False,2026-03-27 13:45:22.786426+00:00,,,,,,,,,,,,
SMCI,False,2026-03-27 13:45:22.786426+00:00,,,,,,,,,,,,
SMCI,False,2026-04-14 18:00:52.142266+00:00,,,,,,,,,,,,
SMCI,False,2026-04-14 18:00:52.142266+00:00,,,,,,,,,,,,
SMCI,False,2026-05-04 17:05:15.178932+00:00,,,,,,,,,,,,
SMCI,False,2026-05-07 17:29:43.371982+00:00,,,,,,,,,,,,
SMCI,False,2026-05-07 17:29:43.371982+00:00,,,,,,,,,,,,
SMCI,False,2026-05-07 17:29:43.897511+00:00,,,,,,,,,,,,
SMCI,False,2026-05-07 17:29:44.319187+00:00,,,,,,,,,,,,
SMCI,False,2026-05-14 20:22:19.391248+00:00,,,,,,,,,,,,
SMCI,True,2026-05-29 14:21:50.797952+00:00,2026-05-29 13:40:00+00:00,-41.846632533333334,46.75,46.79519402106533,9.66717028135351,46.23,45.840015162758675,-84.35752481966726,143.16655781861112,8.083333333333334,-0.0111229946524064,-0.0204119008006819
SMCI,False,2026-05-29 14:21:50.797952+00:00,,,,,,,,,,,,
SMCI,False,2026-05-29 14:21:50.797952+00:00,,,,,,,,,,,,
SMCI,False,2026-05-29 14:21:50.797952+00:00,,,,,,,,,,,,
SMCI,False,2026-05-29 14:21:50.797952+00:00,,,,,,,,,,,,
SMCI,True,2026-08-12 13:12:32.968686+00:00,2026-08-12 13:55:00+00:00,42.4505219,34.59,36.24385862836542,478.132011669679,35.66,37.22429847988809,438.6703533056912,1.8491285869444445,8.083333333333334,0.030933795894767,0.0270511995308178
SMCI,False,2026-08-12 13:12:34.028985+00:00,,,,,,,,,,,,
SMCI,False,2026-08-12 13:12:34.028985+00:00,,,,,,,,,,,,
SMCI,False,2026-08-12 13:12:34.028985+00:00,,,,,,,,,,,,
SMCI,False,2026-08-12 13:12:34.449755+00:00,,,,,,,,,,,,
SMCI,False,2026-08-13 11:08:24.032996+00:00,,,,,,,,,,,,
SMCI,False,2026-08-13 11:08:24.221567+00:00,,,,,,,,,,,,
SMCI,False,2026-08-13 11:08:24.358006+00:00,,,,,,,,,,,,
SMCI,False,2026-08-13 11:08:24.637746+00:00,,,,,,,,,,,,
SMCI,False,2026-08-13 11:08:25.126871+00:00,,,,,,,,,,,,
SMCI,False,2026-08-13 16:04:36.595745+00:00,,,,,,,,,,,,
SMCI,False,2026-08-13 16:04:37.313233+00:00,,,,,,,,,,,,
SMCI,False,2026-08-13 16:04:38.057767+00:00,,,,,,,,,,,,
SMCI,False,2026-08-13 16:04:38.577325+00:00,,,,,,,,,,,,
SMCI,False,2026-08-13 16:04:39.399414+00:00,,,,,,,,,,,,
SMCI,False,2026-08-13 16:07:54.728044+00:00,,,,,,,,,,,,
SMCI,False,2026-08-13 16:07:55.536310+00:00,,,,,,,,,,,,
SMCI,False,2026-08-13 16:07:55.536310+00:00,,,,,,,,,,,,
SMCI,False,2026-08-13 16:14:29.118345+00:00,,,,,,,,,,,,
SMCI,False,2026-08-13 16:14:29.991470+00:00,,,,,,,,,,,,
SMCI,False,2026-08-13 16:14:30.881388+00:00,,,,,,,,,,,,
SMCI,False,2026-08-13 16:14:30.881388+00:00,,,,,,,,,,,,
SMCI,False,2026-08-13 16:14:31.211747+00:00,,,,,,,,,,,,
SMCI,False,2026-08-13 16:14:32.199869+00:00,,,,,,,,,,,,
SMCI,False,2026-08-13 16:14:33.119100+00:00,,,,,,,,,,,,
SMCI,False,2026-08-13 16:14:34.398017+00:00,,,,,,,,,,,,
SMCI,False,2026-08-13 16:14:34.398017+00:00,,,,,,,,,,,,
SMCI,False,2026-08-13 16:14:35.032936+00:00,,,,,,,,,,,,
SNAP,False,2026-03-30 14:07:43.040524+00:00,,,,,,,,,,,,
SNAP,False,2026-03-30 14:07:43.040524+00:00,,,,,,,,,,,,
SNAP,False,2026-03-30 14:07:43.510341+00:00,,,,,,,,,,,,
SNAP,False,2026-03-30 14:53:12.991994+00:00,,,,,,,,,,,,
SNAP,False,2026-03-30 14:53:13.012900+00:00,,,,,,,,,,,,
SNAP,True,2026-04-10 13:48:03.983765+00:00,2026-04-10 13:40:00+00:00,-8.066396083333334,4.96,5.022311532277614,125.6280892693835,4.75,4.764454272532415,30.43004743666326,71.70615248222222,2.0,-0.0423387096774193,-0.051342346664079
SNAP,False,2026-04-10 13:48:03.983765+00:00,,,,,,,,,,,,
SNAP,False,2026-04-10 13:48:05.807685+00:00,,,,,,,,,,,,
SNAP,False,2026-06-30 16:52:50.897696+00:00,,,,,,,,,,,,
SNAP,False,2026-06-30 16:52:51.624281+00:00,,,,,,,,,,,,
SNAP,False,2026-06-30 16:52:51.624281+00:00,,,,,,,,,,,,
SNAP,False,2026-06-30 16:52:51.624281+00:00,,,,,,,,,,,,
SOFI,True,2026-03-30 13:51:49.231299+00:00,2026-03-30 13:40:00+00:00,-11.82052165,15.3,15.513390375076456,139.47083338330435,17.54,15.58846482088602,-1112.6198284572286,215.68845223916665,48.166666666666664,0.1464052287581698,0.0048393319573892
SOFI,False,2026-03-30 13:51:49.688275+00:00,,,,,,,,,,,,
SOFI,False,2026-03-30 13:51:50.089963+00:00,,,,,,,,,,,,
SOFI,False,2026-03-30 13:51:50.493336+00:00,,,,,,,,,,,,
SOFI,False,2026-05-18 14:30:12.365188+00:00,,,,,,,,,,,,
SOFI,False,2026-05-18 14:30:12.776603+00:00,,,,,,,,,,,,
SOFI,False,2026-05-18 14:30:12.776603+00:00,,,,,,,,,,,,
SOFI,True,2026-06-24 14:19:17.978198+00:00,2026-06-24 13:50:00+00:00,-29.299636633333332,17.84,17.841869065856812,1.0476826551639957,16.89,17.48695956574482,353.43964816152646,23.374029721666663,8.083333333333334,-0.0532511210762331,-0.0198919462306316
SOFI,False,2026-06-24 14:19:18.290430+00:00,,,,,,,,,,,,
SOFI,False,2026-06-24 14:19:18.830158+00:00,,,,,,,,,,,,
SOFI,False,2026-06-24 14:19:19.440557+00:00,,,,,,,,,,,,
SOFI,False,2026-06-24 14:19:19.723199+00:00,,,,,,,,,,,,
SOFI,False,2026-06-24 14:19:20.448392+00:00,,,,,,,,,,,,
SOFI,False,2026-06-24 14:19:21.187270+00:00,,,,,,,,,,,,
SOFI,False,2026-06-24 14:19:21.187270+00:00,,,,,,,,,,,,
SOFI,False,2026-06-24 14:19:21.632787+00:00,,,,,,,,,,,,
SOFI,False,2026-06-24 16:06:31.824861+00:00,,,,,,,,,,,,
SOFI,False,2026-06-24 16:06:31.861357+00:00,,,,,,,,,,,,
SOXL,False,2026-03-09 13:47:25.361008+00:00,,,,,,,,,,,,
SOXL,False,2026-03-09 13:47:26.228662+00:00,,,,,,,,,,,,
SOXL,False,2026-03-09 13:47:26.228662+00:00,,,,,,,,,,,,
SOXL,False,2026-03-09 13:47:26.228662+00:00,,,,,,,,,,,,
SOXL,False,2026-03-09 13:47:26.228662+00:00,,,,,,,,,,,,
SOXL,True,2026-03-20 13:49:56.474781+00:00,2026-03-20 13:45:00+00:00,-4.94124635,54.62,55.29919821797549,124.34972866632911,51.79,51.8544300644901,12.440638055629211,0.6049114027777778,0.5,-0.0518125228853899,-0.0622932748483436
SOXL,False,2026-03-20 13:49:56.474781+00:00,,,,,,,,,,,,
SOXL,False,2026-03-20 13:49:56.474781+00:00,,,,,,,,,,,,
SOXL,False,2026-03-20 13:49:56.474781+00:00,,,,,,,,,,,,
SOXL,False,2026-03-20 13:49:56.474781+00:00,,,,,,,,,,,,
SOXL,False,2026-03-20 13:49:56.474781+00:00,,,,,,,,,,,,
SOXL,False,2026-03-20 13:49:56.474781+00:00,,,,,,,,,,,,
SOXL,True,2026-03-27 13:51:58.567848+00:00,2026-03-27 13:40:00+00:00,-11.9761308,47.96,49.04970477321031,227.21117039414253,45.57,46.478027243516394,199.25987349492945,71.79923003083333,1.0,-0.0498331943286071,-0.052430030753182
SOXL,False,2026-03-27 13:52:01.150638+00:00,,,,,,,,,,,,
SOXL,False,2026-03-27 13:52:01.150638+00:00,,,,,,,,,,,,
SOXL,False,2026-03-27 13:52:01.150638+00:00,,,,,,,,,,,,
SOXL,False,2026-03-27 13:52:01.150638+00:00,,,,,,,,,,,,
SOXL,False,2026-03-27 13:52:01.150638+00:00,,,,,,,,,,,,
SOXL,False,2026-03-30 13:46:07.868203+00:00,,,,,,,,,,,,
SOXL,False,2026-03-30 13:46:07.868203+00:00,,,,,,,,,,,,
SOXL,False,2026-03-30 13:46:07.868203+00:00,,,,,,,,,,,,
SOXL,False,2026-03-30 13:46:08.582183+00:00,,,,,,,,,,,,
SOXL,False,2026-03-30 13:46:09.402976+00:00,,,,,,,,,,,,
SOXL,False,2026-03-30 13:46:09.882690+00:00,,,,,,,,,,,,
SOXL,False,2026-04-29 17:40:58.370730+00:00,,,,,,,,,,,,
SOXL,False,2026-04-29 17:40:58.370730+00:00,,,,,,,,,,,,
SOXL,False,2026-04-29 17:40:58.565524+00:00,,,,,,,,,,,,
SOXL,False,2026-04-29 17:40:59.402961+00:00,,,,,,,,,,,,
SOXL,False,2026-05-01 14:50:12.850741+00:00,,,,,,,,,,,,
SOXL,False,2026-05-01 14:50:13.856874+00:00,,,,,,,,,,,,
SOXL,False,2026-05-01 14:50:13.856874+00:00,,,,,,,,,,,,
SOXL,False,2026-05-01 14:50:14.201591+00:00,,,,,,,,,,,,
SOXL,False,2026-05-01 14:50:15.043270+00:00,,,,,,,,,,,,
SOXL,False,2026-05-20 13:51:15.309403+00:00,,,,,,,,,,,,
SOXL,False,2026-06-08 13:57:18.183392+00:00,,,,,,,,,,,,
SOXL,False,2026-06-10 13:41:37.764830+00:00,,,,,,,,,,,,
SOXL,False,2026-06-10 13:41:42.340022+00:00,,,,,,,,,,,,
SOXL,False,2026-06-10 13:41:42.340022+00:00,,,,,,,,,,,,
SOXL,False,2026-06-10 13:41:42.565569+00:00,,,,,,,,,,,,
SOXL,False,2026-06-10 13:41:45.841928+00:00,,,,,,,,,,,,
SOXL,False,2026-06-10 13:41:45.841928+00:00,,,,,,,,,,,,
SOXL,False,2026-06-10 13:41:45.841928+00:00,,,,,,,,,,,,
SOXL,False,2026-06-10 13:41:45.841928+00:00,,,,,,,,,,,,
SOXL,True,2026-06-18 13:54:32.017238+00:00,2026-06-18 13:40:00+00:00,-14.533620633333333,269.65,269.85260792979506,7.513737429819347,240.87,281.17302300159616,1673.2271765515075,119.62822671388888,8.083333333333334,-0.1067309475245688,0.041950363788021
SOXL,False,2026-06-18 13:54:33.998205+00:00,,,,,,,,,,,,
SOXL,False,2026-06-18 13:54:37.141228+00:00,,,,,,,,,,,,
SOXL,False,2026-06-18 13:54:37.745968+00:00,,,,,,,,,,,,
SOXL,False,2026-06-25 13:47:52.134488+00:00,,,,,,,,,,,,
SOXL,False,2026-06-25 13:47:52.134488+00:00,,,,,,,,,,,,
SOXL,False,2026-06-25 13:47:52.134488+00:00,,,,,,,,,,,,
SPCE,False,2026-03-31 14:53:35.328042+00:00,,,,,,,,,,,,
SPCE,False,2026-03-31 14:53:35.695828+00:00,,,,,,,,,,,,
SPCE,False,2026-03-31 14:53:37.018844+00:00,,,,,,,,,,,,
SPCE,False,2026-03-31 14:53:37.547563+00:00,,,,,,,,,,,,
SPCE,False,2026-03-31 14:53:37.547563+00:00,,,,,,,,,,,,
SPCE,False,2026-03-31 14:53:38.644398+00:00,,,,,,,,,,,,
SPCE,False,2026-03-31 14:53:39.140698+00:00,,,,,,,,,,,,
SPCE,True,2026-04-06 13:49:37.759468+00:00,2026-04-06 13:40:00+00:00,-9.629324466666667,2.86,2.8378071321765086,-77.5974399422772,2.96,3.135551841193436,593.0805445724197,23.68590739,8.083333333333334,0.0349650349650349,0.1049206993812036
SPCE,False,2026-04-06 13:49:37.759468+00:00,,,,,,,,,,,,
SPCE,False,2026-04-06 13:49:38.516122+00:00,,,,,,,,,,,,
SPCE,False,2026-04-06 13:49:38.516122+00:00,,,,,,,,,,,,
SPCE,False,2026-04-06 13:49:38.897472+00:00,,,,,,,,,,,,
SPCE,False,2026-04-06 13:49:38.897472+00:00,,,,,,,,,,,,
SPCE,False,2026-04-06 13:49:38.897472+00:00,,,,,,,,,,,,
SPCE,False,2026-04-06 13:49:39.611201+00:00,,,,,,,,,,,,
SPCE,False,2026-04-06 13:49:40.225511+00:00,,,,,,,,,,,,
SPCE,False,2026-04-06 13:49:40.225511+00:00,,,,,,,,,,,,
SPCE,False,2026-04-06 13:49:40.225511+00:00,,,,,,,,,,,,
SPCE,False,2026-04-06 13:49:40.225511+00:00,,,,,,,,,,,,
SPCE,False,2026-04-06 13:49:40.225511+00:00,,,,,,,,,,,,
SPCE,False,2026-04-08 13:45:34.263600+00:00,,,,,,,,,,,,
SPCE,False,2026-04-08 13:45:35.253272+00:00,,,,,,,,,,,,
SPCE,False,2026-04-08 13:45:35.253272+00:00,,,,,,,,,,,,
SPCE,False,2026-04-08 13:45:35.253272+00:00,,,,,,,,,,,,
SPCE,False,2026-04-08 13:45:37.026355+00:00,,,,,,,,,,,,
SPCE,False,2026-04-08 13:45:39.193279+00:00,,,,,,,,,,,,
SPCE,False,2026-04-08 13:45:39.193279+00:00,,,,,,,,,,,,
SPCE,False,2026-04-08 13:45:39.193279+00:00,,,,,,,,,,,,
SPCE,False,2026-04-08 13:45:39.193279+00:00,,,,,,,,,,,,
SPCE,False,2026-04-10 15:17:39.837451+00:00,,,,,,,,,,,,
SPCE,False,2026-04-10 15:17:39.837451+00:00,,,,,,,,,,,,
SPCE,False,2026-04-10 15:17:39.837451+00:00,,,,,,,,,,,,
SPCE,False,2026-04-10 15:17:39.837451+00:00,,,,,,,,,,,,
SPCE,False,2026-04-10 15:17:39.837451+00:00,,,,,,,,,,,,
SPCE,False,2026-04-10 15:17:39.837451+00:00,,,,,,,,,,,,
SPCE,False,2026-04-10 15:17:39.837451+00:00,,,,,,,,,,,,
SPCE,False,2026-05-15 13:46:30.471487+00:00,,,,,,,,,,,,
SPCE,False,2026-05-15 13:46:30.846196+00:00,,,,,,,,,,,,
SPCE,False,2026-06-01 13:00:20.618860+00:00,,,,,,,,,,,,
SPCE,False,2026-06-01 13:00:20.618860+00:00,,,,,,,,,,,,
SPCE,False,2026-06-01 13:00:20.618860+00:00,,,,,,,,,,,,
SPCE,False,2026-06-01 13:02:27.547304+00:00,,,,,,,,,,,,
SPCE,False,2026-06-01 13:02:28.055855+00:00,,,,,,,,,,,,
SPCE,False,2026-06-01 13:02:28.055855+00:00,,,,,,,,,,,,
SPCE,False,2026-06-01 13:02:28.055855+00:00,,,,,,,,,,,,
SPCE,False,2026-06-01 13:02:28.055855+00:00,,,,,,,,,,,,
SPCE,False,2026-06-01 14:27:07.490932+00:00,,,,,,,,,,,,
SPCE,True,2026-06-15 13:57:36.347490+00:00,2026-06-15 13:50:00+00:00,-7.6057915,3.99,4.098785987314026,272.6465847469329,3.76,3.8477353710365,233.33875275664917,0.4757017083333333,0.5,-0.0576441102756893,-0.0612499937919525
SPCE,False,2026-06-15 13:57:36.973022+00:00,,,,,,,,,,,,
SPCE,False,2026-06-15 13:57:37.271159+00:00,,,,,,,,,,,,
SPCE,False,2026-06-15 13:57:37.959731+00:00,,,,,,,,,,,,
TQQQ,False,2026-03-09 13:53:21.181865+00:00,,,,,,,,,,,,
TQQQ,False,2026-03-09 13:53:21.181865+00:00,,,,,,,,,,,,
TQQQ,False,2026-03-09 13:53:21.466590+00:00,,,,,,,,,,,,
TQQQ,False,2026-03-09 13:53:22.067829+00:00,,,,,,,,,,,,
TQQQ,False,2026-03-09 13:53:23.080733+00:00,,,,,,,,,,,,
TQQQ,False,2026-03-09 13:53:23.385949+00:00,,,,,,,,,,,,
TQQQ,False,2026-06-10 13:41:51.538138+00:00,,,,,,,,,,,,
TQQQ,False,2026-06-10 13:41:51.538138+00:00,,,,,,,,,,,,
TQQQ,False,2026-06-10 13:41:51.538138+00:00,,,,,,,,,,,,
TQQQ,False,2026-06-10 13:41:51.538138+00:00,,,,,,,,,,,,
TQQQ,False,2026-06-10 13:41:51.538138+00:00,,,,,,,,,,,,
TQQQ,False,2026-06-10 13:41:51.538138+00:00,,,,,,,,,,,,
TSLA,False,2026-03-24 14:16:37.198947+00:00,,,,,,,,,,,,
TSLA,False,2026-03-24 14:16:37.597592+00:00,,,,,,,,,,,,
TSLA,False,2026-03-24 14:16:37.924777+00:00,,,,,,,,,,,,
TSLA,False,2026-05-07 16:10:41.291455+00:00,,,,,,,,,,,,
TSLA,False,2026-05-07 16:10:42.516775+00:00,,,,,,,,,,,,
TSLA,False,2026-05-07 16:10:42.897190+00:00,,,,,,,,,,,,
TSLA,False,2026-05-07 16:10:43.269406+00:00,,,,,,,,,,,,
TSM,False,2026-05-27 12:19:27.010459+00:00,,,,,,,,,,,,
TSM,False,2026-05-27 12:19:27.460505+00:00,,,,,,,,,,,,
UDOW,True,2026-06-25 15:12:58.520446+00:00,2026-06-25 15:00:00+00:00,-12.975340766666667,70.02,70.93001714322268,129.96531608436,73.91,72.15137853062268,-237.9409375425947,1274.1098310050002,257.0833333333333,0.0555555555555555,0.0172192456253578
UDOW,False,2026-06-25 15:12:59.054029+00:00,,,,,,,,,,,,
UDOW,False,2026-06-25 15:12:59.566552+00:00,,,,,,,,,,,,
UDOW,False,2026-06-25 15:13:00.433952+00:00,,,,,,,,,,,,
UDOW,False,2026-06-25 15:13:00.676643+00:00,,,,,,,,,,,,
UNH,True,2026-05-18 13:45:24.544444+00:00,2026-05-18 13:40:00+00:00,-5.409074066666666,385.0,382.6306924198503,-61.54045662726553,394.01,383.1668535379461,-275.19977823034645,2187.833436312222,240.08333333333334,0.0234025974025973,0.0014012496350071
UNH,False,2026-05-18 13:45:25.028119+00:00,,,,,,,,,,,,
UNH,False,2026-05-18 13:45:26.979765+00:00,,,,,,,,,,,,
UNH,False,2026-05-18 13:45:27.447002+00:00,,,,,,,,,,,,
UNH,False,2026-05-18 13:45:28.501474+00:00,,,,,,,,,,,,
UNH,False,2026-05-18 13:45:29.392487+00:00,,,,,,,,,,,,
UNH,False,2026-05-18 13:45:29.392487+00:00,,,,,,,,,,,,
VLO,False,2026-05-06 13:45:42.021849+00:00,,,,,,,,,,,,
VLO,False,2026-05-06 13:45:43.413025+00:00,,,,,,,,,,,,
WOLF,False,2026-03-11 17:55:29.448577+00:00,,,,,,,,,,,,
WOLF,False,2026-03-11 17:55:29.448577+00:00,,,,,,,,,,,,
WOLF,False,2026-03-11 17:55:29.623560+00:00,,,,,,,,,,,,
WOLF,False,2026-03-11 17:55:29.623560+00:00,,,,,,,,,,,,
WOLF,False,2026-03-11 17:55:30.674628+00:00,,,,,,,,,,,,
WOLF,False,2026-03-11 17:55:31.229789+00:00,,,,,,,,,,,,
WOLF,False,2026-03-11 17:55:31.375698+00:00,,,,,,,,,,,,
WOLF,False,2026-03-11 17:55:32.528618+00:00,,,,,,,,,,,,
WOLF,False,2026-03-11 17:55:32.965233+00:00,,,,,,,,,,,,
WOLF,False,2026-03-11 17:55:33.644430+00:00,,,,,,,,,,,,
WOLF,False,2026-03-11 17:55:33.795972+00:00,,,,,,,,,,,,
WOLF,False,2026-03-11 17:55:34.124598+00:00,,,,,,,,,,,,
WOLF,False,2026-03-11 17:55:34.278354+00:00,,,,,,,,,,,,
WOLF,False,2026-05-11 13:48:37.581220+00:00,,,,,,,,,,,,
WOLF,False,2026-05-11 13:48:37.581220+00:00,,,,,,,,,,,,
WOLF,False,2026-05-11 13:48:39.522169+00:00,,,,,,,,,,,,
WOLF,False,2026-05-11 13:49:03.988919+00:00,,,,,,,,,,,,
WOLF,False,2026-05-11 13:49:03.988919+00:00,,,,,,,,,,,,
WOLF,False,2026-05-11 13:49:03.988919+00:00,,,,,,,,,,,,
WOLF,True,2026-05-18 13:51:41.597478+00:00,2026-05-18 13:40:00+00:00,-11.6932913,63.0,65.35014705184413,373.0392145784337,59.4,61.60024058318833,370.41087259062834,0.6265889797222223,0.3333333333333333,-0.0571428571428571,-0.057381760222833
WOLF,False,2026-05-26 13:44:26.741581+00:00,,,,,,,,,,,,
WOLF,False,2026-05-26 13:44:26.741581+00:00,,,,,,,,,,,,
WOLF,False,2026-05-26 13:44:26.741581+00:00,,,,,,,,,,,,
WOLF,False,2026-05-26 13:44:26.741581+00:00,,,,,,,,,,,,
WOLF,False,2026-05-26 13:44:26.741581+00:00,,,,,,,,,,,,
WOLF,True,2026-06-15 13:45:08.246100+00:00,2026-06-15 13:40:00+00:00,-5.137435,49.58,50.15994066831811,116.97068743810185,46.55,46.88809815521953,72.63118264651638,0.6314776347222222,0.6666666666666666,-0.0611133521581283,-0.0652281974321618
WOLF,False,2026-06-15 13:45:10.385639+00:00,,,,,,,,,,,,
WOLF,False,2026-06-15 13:45:11.271846+00:00,,,,,,,,,,,,
WOLF,False,2026-06-15 13:45:11.271846+00:00,,,,,,,,,,,,
WOLF,False,2026-06-15 13:45:13.021102+00:00,,,,,,,,,,,,
WOLF,False,2026-06-15 13:45:13.021102+00:00,,,,,,,,,,,,
WOLF,False,2026-06-18 15:16:54.257481+00:00,,,,,,,,,,,,
WOLF,False,2026-06-18 15:16:55.015130+00:00,,,,,,,,,,,,
WOLF,False,2026-06-18 15:16:55.015130+00:00,,,,,,,,,,,,
WOLF,False,2026-06-18 15:16:55.015130+00:00,,,,,,,,,,,,
WOLF,False,2026-06-18 15:16:55.015130+00:00,,,,,,,,,,,,
WOLF,False,2026-06-18 15:16:55.015130+00:00,,,,,,,,,,,,
WOLF,False,2026-06-18 15:16:55.015130+00:00,,,,,,,,,,,,
WOLF,False,2026-06-29 13:45:23.206660+00:00,,,,,,,,,,,,
WOLF,False,2026-06-29 13:45:23.206660+00:00,,,,,,,,,,,,
WOLF,False,2026-06-29 13:45:24.695361+00:00,,,,,,,,,,,,
WOLF,False,2026-06-29 13:45:24.695361+00:00,,,,,,,,,,,,
WOLF,False,2026-06-30 16:37:16.336130+00:00,,,,,,,,,,,,
WOLF,False,2026-06-30 16:37:17.607632+00:00,,,,,,,,,,,,
WOLF,False,2026-06-30 19:50:02.315418+00:00,,,,,,,,,,,,
WOLF,False,2026-06-30 19:50:02.315418+00:00,,,,,,,,,,,,
WOLF,False,2026-06-30 19:50:02.315418+00:00,,,,,,,,,,,,
WOLF,False,2026-06-30 19:50:03.865002+00:00,,,,,,,,,,,,
WOLF,False,2026-06-30 19:50:03.865002+00:00,,,,,,,,,,,,
WOLF,False,2026-06-30 19:50:05.016688+00:00,,,,,,,,,,,,
WOLF,False,2026-06-30 19:50:05.016688+00:00,,,,,,,,,,,,
WOLF,False,2026-06-30 19:50:05.016688+00:00,,,,,,,,,,,,
WOLF,False,2026-06-30 19:50:05.016688+00:00,,,,,,,,,,,,
WOLF,True,2026-08-12 14:02:14.977157+00:00,2026-08-12 13:45:00+00:00,-17.249619283333335,31.62,32.35437981183449,232.25167989705565,31.96,31.69168856948951,-83.95226236248125,25.552696415555555,8.25,0.010752688172043,-0.0204822730708805
WOLF,False,2026-08-12 14:02:15.451500+00:00,,,,,,,,,,,,
WOLF,False,2026-08-12 14:02:15.451500+00:00,,,,,,,,,,,,
WOLF,False,2026-08-12 14:02:15.451500+00:00,,,,,,,,,,,,
WOLF,False,2026-08-12 14:02:15.451500+00:00,,,,,,,,,,,,
WULF,False,2026-03-13 14:24:37.509548+00:00,,,,,,,,,,,,
WULF,False,2026-03-13 14:24:37.509548+00:00,,,,,,,,,,,,
WULF,False,2026-03-13 14:24:37.888959+00:00,,,,,,,,,,,,
WULF,False,2026-03-13 14:24:37.888959+00:00,,,,,,,,,,,,
WULF,False,2026-03-13 14:24:38.335505+00:00,,,,,,,,,,,,
WULF,False,2026-03-24 13:51:31.737692+00:00,,,,,,,,,,,,
WULF,False,2026-03-24 13:51:32.511112+00:00,,,,,,,,,,,,
WULF,False,2026-03-24 13:51:33.008448+00:00,,,,,,,,,,,,
WULF,False,2026-03-24 13:51:33.342027+00:00,,,,,,,,,,,,
WULF,False,2026-03-24 13:51:33.342027+00:00,,,,,,,,,,,,
WULF,False,2026-03-24 13:51:33.342027+00:00,,,,,,,,,,,,
WULF,False,2026-05-04 17:07:33.901701+00:00,,,,,,,,,,,,
WULF,False,2026-05-26 13:47:48.172875+00:00,,,,,,,,,,,,
WULF,False,2026-05-26 13:48:08.964220+00:00,,,,,,,,,,,,
WULF,False,2026-05-26 13:48:16.626524+00:00,,,,,,,,,,,,
WULF,False,2026-05-26 13:48:19.202321+00:00,,,,,,,,,,,,
WULF,False,2026-05-26 13:48:21.794514+00:00,,,,,,,,,,,,
WULF,False,2026-05-26 13:48:26.997444+00:00,,,,,,,,,,,,
WULF,False,2026-05-26 13:48:30.567455+00:00,,,,,,,,,,,,
WULF,False,2026-05-26 16:22:52.401273+00:00,,,,,,,,,,,,
WULF,False,2026-05-26 16:22:52.401273+00:00,,,,,,,,,,,,
WULF,False,2026-05-26 16:22:52.643425+00:00,,,,,,,,,,,,
WULF,False,2026-05-26 16:22:52.781507+00:00,,,,,,,,,,,,
WULF,False,2026-05-26 16:22:53.634487+00:00,,,,,,,,,,,,
WULF,False,2026-05-26 16:22:53.750112+00:00,,,,,,,,,,,,
WULF,False,2026-05-26 16:22:53.750112+00:00,,,,,,,,,,,,
WULF,False,2026-05-26 16:22:54.576901+00:00,,,,,,,,,,,,
WULF,False,2026-05-26 16:22:54.696772+00:00,,,,,,,,,,,,
WULF,False,2026-05-26 16:22:55.128088+00:00,,,,,,,,,,,,
WULF,False,2026-06-16 14:00:43.846747+00:00,,,,,,,,,,,,
WULF,False,2026-08-11 14:30:59.692659+00:00,,,,,,,,,,,,
WULF,False,2026-08-11 14:31:00.132760+00:00,,,,,,,,,,,,
WULF,False,2026-08-11 14:31:00.132760+00:00,,,,,,,,,,,,
WULF,False,2026-08-11 14:31:00.132760+00:00,,,,,,,,,,,,
WULF,False,2026-08-11 14:31:00.939894+00:00,,,,,,,,,,,,
WULF,False,2026-08-11 14:31:02.926220+00:00,,,,,,,,,,,,
WULF,False,2026-08-11 14:31:03.775166+00:00,,,,,,,,,,,,
WULF,False,2026-08-11 14:31:05.314050+00:00,,,,,,,,,,,,
WULF,False,2026-08-11 14:31:06.351353+00:00,,,,,,,,,,,,
